rank,language,fname,packages,scripts,share,calls
1,R,length,Matrix,3268,0.3498,19746
2,R,names,raster,1954,0.2091,9549
3,R,rep,Matrix;memisc,1887,0.2020,10607
4,R,is.na,Matrix,1820,0.1948,9665
5,R,nrow,raster,1739,0.1861,8707
6,R,as.numeric,Matrix;memisc,1486,0.1590,7153
7,R,mean,Matrix;raster,1412,0.1511,11811
8,R,cbind,mice,1353,0.1448,6414
9,R,unique,memisc;raster,1245,0.1333,4856
10,R,rbind,mice,1233,0.1320,5373
11,R,which,Matrix,1067,0.1142,8233
12,R,ggplot,rms,985,0.1054,3589
13,R,as.character,memisc;raster,948,0.1015,3314
14,R,log,raster,855,0.0915,7139
15,R,ncol,raster,820,0.0878,4204
16,R,as.data.frame,raster,739,0.0791,2462
17,R,dim,Matrix;memisc,724,0.0775,2718
18,R,rnorm,stats,690,0.0739,2467
19,R,as.integer,Matrix;memisc,668,0.0715,2503
20,R,lm,stats,643,0.0688,3948
21,R,sample,memisc,638,0.0683,1678
22,R,as.matrix,Matrix;raster,620,0.0664,3137
23,R,merge,memisc;raster;sp,589,0.0630,2653
24,R,subset,raster,546,0.0584,3739
25,R,as.vector,Matrix;memisc;raster,518,0.0554,1985
26,R,diag,Matrix,466,0.0499,2099
27,R,head,Matrix;memisc;raster,446,0.0477,954
28,R,quantile,raster;stats,420,0.0450,2258
29,R,as.Date,zoo,416,0.0445,2075
30,R,runif,stats,413,0.0442,1018
31,R,match,raster,375,0.0401,981
32,R,as.factor,memisc;raster,374,0.0400,4321
33,R,ungroup,srvyr,346,0.0370,1144
34,R,sd,stats,343,0.0367,1493
35,R,lines,raster,342,0.0366,2237
36,Python,randn,numpy.random,316,0.0507,1590
37,R,as.list,raster,314,0.0336,580
38,R,levels,raster,275,0.0294,747
39,R,all.equal,Matrix;raster,256,0.0274,1027
40,Python,seed,numpy.random,252,0.0404,1036
41,R,felm,lfe,245,0.0262,2004
42,R,diff,Matrix,237,0.0254,720
43,Python,RandomState,numpy.random,230,0.0369,1047
44,R,foreach,memisc,225,0.0241,628
45,Python,rand,numpy.random,223,0.0358,1079
46,R,coordinates,raster;sp,219,0.0234,597
47,R,dimnames,Matrix;memisc;optmatch,210,0.0225,642
48,R,glm,stats,206,0.0220,1226
49,R,solve,Matrix,206,0.0220,1040
50,R,row.names,memisc,199,0.0213,612
51,R,sub,metafor,191,0.0204,396
52,R,tail,Matrix;memisc;raster,190,0.0203,359
53,R,text,raster,190,0.0203,837
54,R,pnorm,stats,188,0.0201,2338
55,R,median,stats,185,0.0198,1018
56,R,st_read,sf,185,0.0198,504
57,R,raster,raster,181,0.0194,386
58,R,rowSums,Matrix;raster,181,0.0194,611
59,R,st_as_sf,sf,170,0.0182,358
60,R,is.finite,Matrix,159,0.0170,388
61,R,cut,raster,156,0.0167,275
62,R,as.logical,Matrix,150,0.0161,308
63,R,st_crs,sf,149,0.0159,591
64,Python,randint,numpy.random,147,0.0236,389
65,R,CRS,sp,146,0.0156,352
66,R,as_tibble,srvyr,139,0.0149,314
67,R,unname,Matrix,136,0.0146,306
68,R,crossprod,Matrix,134,0.0143,857
69,R,fun,geosphere;raster,133,0.0142,696
70,R,st_transform,sf,133,0.0142,370
71,R,hist,raster,130,0.0139,394
72,R,colSums,Matrix;raster,129,0.0138,425
73,R,nlayers,raster,128,0.0137,288
74,R,colMeans,Matrix,125,0.0134,612
75,R,across,srvyr,124,0.0133,1052
76,R,coeftest,lmtest,120,0.0128,904
77,R,split,sp,120,0.0128,225
78,R,st_geometry,sf,118,0.0126,457
79,R,feols,fixest,117,0.0125,1054
80,R,qnorm,stats,117,0.0125,455
81,R,cor,stats,116,0.0124,288
82,R,st_sfc,sf,116,0.0124,584
83,R,is.factor,raster,115,0.0123,237
84,R,var,stats,114,0.0122,481
85,R,which.max,raster,108,0.0116,172
86,R,pull,srvyr,105,0.0112,389
87,R,proj4string,raster;sp,103,0.0110,308
88,R,weighted.mean,raster;stats,103,0.0110,591
89,R,vars,bayesplot;srvyr,101,0.0108,353
90,R,gridded,sp,100,0.0107,186
91,R,dnorm,stats,99,0.0106,267
92,R,getValues,raster,98,0.0105,458
93,Python,random,numpy.random,98,0.0157,565
94,R,which.min,raster,98,0.0105,282
95,R,image,Matrix;raster,93,0.0100,190
96,R,extent,raster,92,0.0098,222
97,R,rowMeans,Matrix,91,0.0097,354
98,R,canProcessInMemory,raster,87,0.0093,146
99,R,optim,stats,85,0.0091,151
100,Python,normal,numpy.random,84,0.0135,273
101,R,st_point,sf,84,0.0090,432
102,R,stack,raster,83,0.0089,139
103,R,spplot,raster;sp,82,0.0088,343
104,R,drop_na,srvyr,79,0.0085,175
105,R,blockSize,raster,78,0.0083,140
106,R,pbCreate,raster,78,0.0083,147
107,R,margin,randomForest,77,0.0082,322
108,R,ncell,raster,77,0.0082,199
109,R,setValues,raster,77,0.0082,170
110,R,drop,Matrix,76,0.0081,195
111,R,vcovHC,plm;sandwich,76,0.0081,445
112,R,SpatialPoints,sp,75,0.0080,123
113,R,detectCores,polycor,75,0.0080,89
114,R,spTransform,sp,75,0.0080,184
115,R,rbinom,stats,74,0.0079,171
116,Python,uniform,numpy.random,73,0.0117,194
117,R,is.infinite,Matrix,72,0.0077,170
118,R,pbStep,raster,72,0.0077,225
119,R,xyplot,mice,72,0.0077,247
120,R,init,raster,71,0.0076,229
121,R,mutate_at,srvyr,71,0.0076,284
122,R,double,memisc,70,0.0075,327
123,R,pbClose,raster,70,0.0075,137
124,R,style.tex,fixest,69,0.0074,142
125,R,writeStop,raster,69,0.0074,127
126,R,writeValues,raster,69,0.0074,204
127,R,pt,stats,67,0.0072,188
128,R,writeStart,raster,67,0.0072,130
129,R,brick,raster,66,0.0071,122
130,R,model.response,stats,66,0.0071,114
131,R,pchisq,stats,66,0.0071,177
132,R,trim,raster;sjmisc,65,0.0070,103
133,R,anova,lavaan;stats,64,0.0069,275
134,R,bbox,raster;sp,64,0.0069,191
135,Python,choice,numpy.random,64,0.0103,179
136,R,content,memisc,63,0.0067,126
137,Python,permutation,numpy.random,63,0.0101,86
138,R,st_as_sfc,sf,63,0.0067,204
139,R,transmute,srvyr,63,0.0067,131
140,R,chol,Matrix,61,0.0065,93
141,R,replace_na,sjmisc,61,0.0065,175
142,R,SpatialPolygons,sp,59,0.0063,129
143,R,crs,raster,59,0.0063,147
144,R,index,Matrix;plm;zoo,59,0.0063,414
145,R,Matrix,Matrix,58,0.0062,347
146,R,scale,metafor;raster,57,0.0061,384
147,R,st_polygon,sf,57,0.0061,172
148,R,writeRaster,raster,57,0.0061,79
149,R,Polygons,sp,56,0.0060,182
150,R,extract,PanelMatch;pastecs;raster;rstan;stringdist,56,0.0060,185
151,R,SpatialPointsDataFrame,sp,55,0.0059,73
152,R,SpatialPolygonsDataFrame,sp,55,0.0059,86
153,R,as.yearmon,zoo,55,0.0059,147
154,R,dist,stats,55,0.0059,206
155,R,lm_robust,estimatr,55,0.0059,471
156,R,qr,Matrix,55,0.0059,77
157,R,st_cast,sf,55,0.0059,241
158,R,st_intersection,sf,55,0.0059,89
159,R,mvrnorm,MASS,54,0.0058,94
160,R,st_sf,sf,54,0.0058,164
161,R,t.test,stats,54,0.0058,393
162,R,card,spdep,53,0.0057,109
163,R,ts,stats,53,0.0057,110
164,R,labels,memisc,52,0.0056,232
165,R,qt,stats,52,0.0056,157
166,R,Surv,rms;rstanarm;survival,51,0.0055,347
167,R,density,raster;stats,51,0.0055,339
168,R,st_bbox,sf,51,0.0055,171
169,R,st_linestring,sf,51,0.0055,198
170,R,Polygon,sp,50,0.0054,161
171,R,st_buffer,sf,50,0.0054,100
172,R,barplot,raster,49,0.0052,96
173,R,crop,raster,49,0.0052,96
174,R,lm.fit,stats,49,0.0052,87
175,R,read_sf,sf,49,0.0052,85
176,R,st_centroid,sf,49,0.0052,83
177,R,SpatialLines,sp,47,0.0050,63
178,R,tcrossprod,Matrix,47,0.0050,213
179,R,Lines,sp,46,0.0049,87
180,Python,minimize,scipy.optimize,46,0.0074,147
181,R,poly,stats,46,0.0049,1617
182,R,as.dendrogram,stats,45,0.0048,164
183,R,st_area,sf,45,0.0048,107
184,R,Diagonal,Matrix,43,0.0046,213
185,R,alpha,psych,43,0.0046,160
186,R,projection,raster,43,0.0046,97
187,R,Line,sp,42,0.0045,90
188,R,st_join,sf,42,0.0045,88
189,R,as.zoo,zoo,41,0.0044,147
190,R,hasValues,raster,41,0.0044,67
191,R,over,sp,41,0.0044,248
192,R,st_coordinates,sf,41,0.0044,63
193,R,.xts,xts,40,0.0043,379
194,R,bpy.colors,sp,40,0.0043,68
195,R,chol2inv,Matrix,40,0.0043,65
196,R,norm,Matrix,40,0.0043,82
197,R,qbeta,stats,39,0.0042,103
198,R,st_drop_geometry,sf,39,0.0042,94
199,R,as.xts,xts,38,0.0041,190
200,R,rexp,stats,38,0.0041,42
201,R,rpois,stats,38,0.0041,104
202,R,matchit,MatchIt,37,0.0040,94
203,R,vcovCL,sandwich,37,0.0040,261
204,Python,weibull,numpy.random,37,0.0059,38
205,R,xts,xts,37,0.0040,275
206,R,SpatialLinesDataFrame,sp,36,0.0039,41
207,R,lmer,lme4;lmerTest,36,0.0039,269
208,R,res,raster,36,0.0039,48
209,R,st_intersects,sf,36,0.0039,61
210,R,values,raster,36,0.0039,103
211,R,window,stats,35,0.0037,140
212,R,zoo,zoo,35,0.0037,175
213,R,is.projected,sp,34,0.0036,73
214,R,rasterTmpFile,raster,34,0.0036,69
215,R,spsample,sp,34,0.0036,77
216,R,st_geometrycollection,sf,34,0.0036,97
217,R,st_multilinestring,sf,34,0.0036,106
218,R,st_set_geometry,sf,34,0.0036,72
219,R,coxph,survival,33,0.0035,278
220,R,hclust,stats,33,0.0035,192
221,R,pbeta,stats,33,0.0035,99
222,R,st_multipolygon,sf,33,0.0035,71
223,R,st_write,sf,33,0.0035,158
224,R,mutate_all,srvyr,32,0.0034,65
225,R,optimize,stats,32,0.0034,63
226,R,rgamma,stats,32,0.0034,37
227,Python,shuffle,numpy.random,32,0.0051,69
228,R,st_multipoint,sf,32,0.0034,96
229,R,xmin,raster,32,0.0034,57
230,Python,LogisticRegression,sklearn.linear_model,31,0.0050,255
231,R,coredata,zoo,31,0.0033,204
232,R,geometry,sp,31,0.0033,49
233,R,ginv,MASS,31,0.0033,125
234,R,gridparameters,sp,31,0.0033,41
235,R,shift,raster,31,0.0033,151
236,R,st_distance,sf,31,0.0033,56
237,R,bind,raster,30,0.0032,56
238,R,getfe,lfe,30,0.0032,86
239,R,kronecker,Matrix,30,0.0032,179
240,R,linearHypothesis,car,30,0.0032,121
241,R,plm,plm,30,0.0032,327
242,R,st_is_longlat,sf,30,0.0032,79
243,R,summarise_all,srvyr,30,0.0032,64
244,R,.l,fixest,29,0.0031,30
245,R,boot,boot,29,0.0031,46
246,R,extension,raster,29,0.0031,72
247,R,foo,aod;raster;spatstat,29,0.0031,37
248,R,glm.nb,MASS,29,0.0031,138
249,R,mutate_if,srvyr,29,0.0031,45
250,R,persp,VGAM;raster,29,0.0031,61
251,R,pf,stats,29,0.0031,95
252,R,st_union,sf,29,0.0031,82
253,R,xres,raster,29,0.0031,65
254,R,xyFromCell,raster,29,0.0031,85
255,R,yres,raster,29,0.0031,61
256,R,GridTopology,sp,28,0.0030,39
257,R,cluster.vcov,multiwayvcov,28,0.0030,102
258,R,cv.glmnet,glmnet,28,0.0030,83
259,R,fixef,brms;fixest;lme4;nlme;plm;rstanarm,28,0.0030,104
260,R,multinom,mgcv;nnet,28,0.0030,68
261,R,qchisq,stats,28,0.0030,57
262,R,sandwich,sandwich,28,0.0030,37
263,R,setFixest_dict,fixest,28,0.0030,43
264,R,yFromRow,raster,28,0.0030,51
265,Python,LinearRegression,sklearn.linear_model,27,0.0043,137
266,R,cov,stats,27,0.0029,121
267,R,gt,sna,27,0.0029,30
268,R,pdata.frame,plm,27,0.0029,67
269,R,rmvnorm,mvtnorm,27,0.0029,177
270,R,units,Hmisc,27,0.0029,98
271,R,cellFromRowCol,raster,26,0.0028,75
272,R,describe,Hmisc;fields;psych;questionr,26,0.0028,90
273,R,integrate,stats,26,0.0028,119
274,R,ivreg,AER,26,0.0028,104
275,R,lag.listw,spdep,26,0.0028,88
276,R,order.dendrogram,stats,26,0.0028,79
277,R,percent,memisc,26,0.0028,176
278,R,sampleRegular,raster,26,0.0028,39
279,R,semi_join,srvyr,26,0.0028,40
280,R,st_make_valid,sf,26,0.0028,52
281,R,anti_join,srvyr,25,0.0027,47
282,R,compareRaster,raster,25,0.0027,41
283,R,enquo,srvyr,25,0.0027,60
284,R,fill,raster,25,0.0027,85
285,R,waldtest,lfe;lmtest;mlogit,25,0.0027,76
286,R,SpatialGrid,sp,24,0.0026,33
287,R,couldBeLonLat,raster,24,0.0026,26
288,R,dbWriteTable,sf,24,0.0026,37
289,R,inMemory,raster,24,0.0026,50
290,Python,ols,statsmodels,24,0.0039,32
291,R,rpart,rpart,24,0.0026,72
292,R,st_set_crs,sf,24,0.0026,51
293,R,sym,srvyr,24,0.0026,83
294,R,cutree,stats,23,0.0025,135
295,Python,default_rng,numpy.random,23,0.0037,42
296,R,fullgrid,sp,23,0.0025,88
297,R,rename_with,srvyr,23,0.0025,40
298,R,reorder,stats,23,0.0025,52
299,R,uniroot,stats,23,0.0025,45
300,R,ymax,raster,23,0.0025,43
301,R,acf,stats,22,0.0024,65
302,R,chkIDs,spdep,22,0.0024,35
303,R,fromDisk,raster,22,0.0024,37
304,R,get.spChkOption,spdep,22,0.0024,28
305,R,link,aod,22,0.0024,38
306,R,lme,nlme,22,0.0024,102
307,Python,ppf,scipy.stats,22,0.0035,97
308,R,start,stats,22,0.0024,50
309,R,time,stats,22,0.0024,99
310,R,within,memisc,22,0.0024,41
311,R,ymin,raster,22,0.0024,38
312,R,cellFromXY,raster,21,0.0022,41
313,R,deriv,stats,21,0.0022,85
314,R,determinant,Matrix,21,0.0022,46
315,R,hat,stats,21,0.0022,87
316,R,nb2listw,spdep,21,0.0022,54
317,R,readStart,raster,21,0.0022,47
318,R,readStop,raster,21,0.0022,47
319,R,sparseMatrix,Matrix,21,0.0022,40
320,R,st_zm,sf,21,0.0022,43
321,R,xFromCol,raster,21,0.0022,32
322,R,xmax,raster,21,0.0022,38
323,R,collect,memisc;srvyr,20,0.0021,103
324,R,contour,raster,20,0.0021,73
325,R,drop0,Matrix,20,0.0021,53
326,R,estfun,fixest;sandwich,20,0.0021,29
327,R,funs,srvyr,20,0.0021,75
328,R,match.data,MatchIt,20,0.0021,80
329,R,na.locf,zoo,20,0.0021,110
330,R,rchisq,stats,20,0.0021,34
331,R,rollmean,zoo,20,0.0021,36
332,R,rt,stats,20,0.0021,28
333,R,NeweyWest,sandwich,19,0.0020,84
334,R,dataType,raster,19,0.0020,55
335,R,delete.response,stats,19,0.0020,29
336,R,feglm,fixest,19,0.0020,40
337,R,getValuesBlock,raster,19,0.0020,40
338,R,is.leaf,stats,19,0.0020,59
339,R,printCoefmat,stats,19,0.0020,22
340,R,rescale,arm;psych,19,0.0020,91
341,R,show,Matrix;VGAM;arm;coin;lme4;memisc;optmatch;rstan;sp,19,0.0020,60
342,R,st_is_valid,sf,19,0.0020,61
343,R,as.array,Matrix;memisc;raster,18,0.0019,57
344,R,ave,stats,18,0.0019,40
345,R,boxplot,raster,18,0.0019,56
346,Python,cdf,scipy.stats,18,0.0029,174
347,R,end,stats,18,0.0019,53
348,R,expr,srvyr,18,0.0019,80
349,R,fn,metafor,18,0.0019,57
350,R,format.pval,Hmisc,18,0.0019,35
351,R,glmnet,glmnet,18,0.0019,101
352,R,model.weights,stats,18,0.0019,23
353,R,polr,MASS,18,0.0019,149
354,R,qr.R,Matrix,18,0.0019,24
355,R,rbeta,stats,18,0.0019,93
356,R,se,fixest;metafor;rstanarm,18,0.0019,102
357,R,sf_extSoftVersion,sf,18,0.0019,33
358,R,st_as_text,sf,18,0.0019,46
359,R,aregImpute,Hmisc,17,0.0018,32
360,R,atan2,raster,17,0.0018,27
361,R,bwplot,mice,17,0.0018,39
362,R,crossing,igraph,17,0.0018,24
363,R,dataSize,raster,17,0.0018,18
364,R,deltamethod,metafor;msm,17,0.0018,42
365,R,dpois,stats,17,0.0018,27
366,R,dwtest,lmtest,17,0.0018,17
367,R,ecdf,stats,17,0.0018,216
368,R,i,fixest,17,0.0018,49
369,R,isSymmetric,Matrix,17,0.0018,33
370,R,laplace,VGAM;rstanarm,17,0.0018,25
371,R,pmvnorm,mvtnorm,17,0.0018,606
372,R,qbinom,stats,17,0.0018,33
373,R,randomForest,randomForest,17,0.0018,28
374,R,rasterToPoints,raster,17,0.0018,37
375,R,rcond,Matrix,17,0.0018,24
376,R,reframe,srvyr,17,0.0018,31
377,R,st_as_binary,sf,17,0.0018,37
378,R,survfit,survival,17,0.0018,65
379,R,zapsmall,Matrix,17,0.0018,19
380,Python,Ridge,sklearn.linear_model,16,0.0026,80
381,R,complete,mice,16,0.0017,26
382,R,cor.test,stats,16,0.0017,139
383,R,cshp,cshapes,16,0.0017,18
384,R,cur_group_id,srvyr,16,0.0017,30
385,R,densityplot,mice,16,0.0017,23
386,R,fit.mult.impute,Hmisc,16,0.0017,32
387,R,loess,stats,16,0.0017,53
388,R,qqnorm,stats,16,0.0017,34
389,R,reclass,xts,16,0.0017,85
390,R,sf_use_s2,sf,16,0.0017,37
391,R,splinefun,stats,16,0.0017,49
392,R,st_length,sf,16,0.0017,31
393,R,style,memisc,16,0.0017,16
394,R,tril,Matrix,16,0.0017,31
395,R,upData,Hmisc,16,0.0017,20
396,R,Cholesky,Matrix,15,0.0016,34
397,Python,OLS,statsmodels,15,0.0024,44
398,R,SpatialMultiPoints,sp,15,0.0016,17
399,R,SpatialPixelsDataFrame,sp,15,0.0016,23
400,R,VarCorr,brms;lme4;nlme;ordinal;rstanarm,15,0.0016,122
401,R,approxfun,stats,15,0.0016,103
402,R,as_factor,sjlabelled,15,0.0016,87
403,R,bal.tab,cobalt,15,0.0016,93
404,R,bgtest,lmtest,15,0.0016,15
405,R,deltaMethod,car,15,0.0016,86
406,R,filename,raster,15,0.0016,28
407,R,get_map,ggmap,15,0.0016,35
408,R,mediate,mediation;psych,15,0.0016,106
409,R,model.extract,stats,15,0.0016,25
410,R,na.action,stats,15,0.0016,22
411,R,ols,rms,15,0.0016,42
412,R,plogis,stats,15,0.0016,36
413,R,punif,stats,15,0.0016,45
414,R,quo,srvyr,15,0.0016,184
415,R,rollapply,zoo,15,0.0016,27
416,Python,root,scipy.optimize,15,0.0024,35
417,R,spDists,sp,15,0.0016,40
418,R,strata,optmatch;survival,15,0.0016,161
419,R,summarise_at,srvyr,15,0.0016,43
420,R,tm_shape,tmap,15,0.0016,109
421,R,.index,xts,14,0.0015,58
422,R,SpatialMultiPointsDataFrame,sp,14,0.0015,14
423,R,SpatialPixels,sp,14,0.0015,18
424,R,as.hclust,stats,14,0.0015,17
425,R,as.yearqtr,zoo,14,0.0015,28
426,R,bubble,sp,14,0.0015,21
427,R,colFromX,raster,14,0.0015,31
428,R,dbeta,stats,14,0.0015,47
429,R,dimensions,sp,14,0.0015,24
430,R,distm,geosphere,14,0.0015,18
431,R,dt,stats,14,0.0015,36
432,R,expand,Matrix,14,0.0015,20
433,R,glm.control,stats,14,0.0015,35
434,R,group_indices,srvyr,14,0.0015,18
435,R,hurdle,pscl,14,0.0015,24
436,R,lag,plm;stats,14,0.0015,1014
437,R,listw2mat,spdep,14,0.0015,24
438,R,mad,stats,14,0.0015,22
439,R,mask,Hmisc;raster,14,0.0015,30
440,R,p.adjust,stats,14,0.0015,45
441,R,rlnorm,stats,14,0.0015,21
442,R,rowFromCell,raster,14,0.0015,33
443,R,rowFromY,raster,14,0.0015,31
444,R,spChFIDs,sp,14,0.0015,35
445,R,st_difference,sf,14,0.0015,28
446,R,st_relate,sf,14,0.0015,19
447,R,sym.attr.nb,spdep,14,0.0015,15
448,R,arima,stats,13,0.0014,40
449,R,as.ts,stats,13,0.0014,19
450,R,boot.ci,boot,13,0.0014,19
451,R,det,Matrix,13,0.0014,30
452,R,dgamma,stats,13,0.0014,34
453,R,diagU2N,Matrix,13,0.0014,35
454,R,gam,mgcv,13,0.0014,79
455,R,intervals,nlme,13,0.0014,42
456,R,ltext,metafor,13,0.0014,29
457,R,mahalanobis,stats,13,0.0014,15
458,R,na.approx,zoo,13,0.0014,24
459,R,nls,stats,13,0.0014,27
460,R,poly2nb,spdep,13,0.0014,24
461,R,qpois,stats,13,0.0014,29
462,R,rasterize,raster,13,0.0014,18
463,R,rotated,raster,13,0.0014,37
464,R,sim,arm;did;psych,13,0.0014,104
465,R,simulate,stats,13,0.0014,20
466,R,st_agr,sf,13,0.0014,33
467,R,st_crop,sf,13,0.0014,17
468,R,st_is,sf,13,0.0014,24
469,R,st_is_empty,sf,13,0.0014,28
470,R,st_segmentize,sf,13,0.0014,25
471,R,st_touches,sf,13,0.0014,13
472,R,stepfun,stats,13,0.0014,27
473,R,triu,Matrix,13,0.0014,27
474,R,weights,PanelMatch;VGAM;stats,13,0.0014,24
475,R,wtd.mean,Hmisc;questionr,13,0.0014,49
476,Python,Bounds,scipy.optimize,12,0.0019,34
477,R,Match,Matching,12,0.0013,47
478,Python,OptimizeResult,scipy.optimize,12,0.0019,15
479,R,addAttrToGeom,sp,12,0.0013,19
480,R,autoplot,forecast,12,0.0013,30
481,R,bptest,lmtest,12,0.0013,27
482,R,chisq.test,stats,12,0.0013,20
483,R,colFromCell,raster,12,0.0013,25
484,R,glmer,lme4,12,0.0013,25
485,R,label,Hmisc,12,0.0013,21
486,R,latex,Hmisc,12,0.0013,13
487,R,logitmfx,mfx,12,0.0013,30
488,Python,multivariate_normal,numpy.random,12,0.0019,29
489,R,nlm,stats,12,0.0013,17
490,R,nlme,nlme,12,0.0013,31
491,R,nnzero,Matrix,12,0.0013,38
492,R,pbinom,stats,12,0.0013,39
493,R,pgamma,stats,12,0.0013,37
494,R,ppois,stats,12,0.0013,42
495,R,read.zoo,zoo,12,0.0013,84
496,R,rotate,raster,12,0.0013,47
497,R,s,VGAM;brms;mgcv,12,0.0013,155
498,R,sctest,strucchange,12,0.0013,24
499,R,size,coin;sna,12,0.0013,29
500,R,summaryM,Hmisc,12,0.0013,18
501,R,train,caret,12,0.0013,26
502,R,try.xts,xts,12,0.0013,72
503,R,zeroinfl,pscl,12,0.0013,21
504,R,.sparseDiagonal,Matrix,11,0.0012,20
505,R,IQR,stats,11,0.0012,19
506,Python,Lasso,sklearn.linear_model,11,0.0018,28
507,R,MatrixClass,Matrix,11,0.0012,27
508,R,aov,stats,11,0.0012,51
509,R,cluster,caret;survival,11,0.0012,180
510,R,cov2cor,Matrix;stats,11,0.0012,16
511,R,get.coresOption,spdep,11,0.0012,12
512,R,get.mcOption,spdep,11,0.0012,11
513,R,getGridTopology,sp,11,0.0012,16
514,R,getZ,raster,11,0.0012,15
515,R,gls,nlme,11,0.0012,21
516,R,is.symmetric.nb,spdep,11,0.0012,22
517,R,iv_robust,estimatr,11,0.0012,77
518,R,listw2U,spdep,11,0.0012,11
519,R,love.plot,cobalt,11,0.0012,46
520,R,lp,mgcv,11,0.0012,25
521,R,lqs,MASS,11,0.0012,17
522,R,lu,Matrix,11,0.0012,22
523,R,overlay,raster,11,0.0012,13
524,Python,pairwise_distances,sklearn.metrics,11,0.0018,62
525,R,profile,stats,11,0.0012,12
526,R,prune,marginaleffects;rpart,11,0.0012,34
527,R,qr.coef,Matrix,11,0.0012,21
528,R,rename_at,srvyr,11,0.0012,22
529,R,rpart.control,rpart,11,0.0012,25
530,R,st_dimension,sf,11,0.0012,18
531,R,tm_layout,tmap,11,0.0012,58
532,R,tobit,AER;VGAM,11,0.0012,12
533,R,wtd.quantile,Hmisc,11,0.0012,32
534,R,wtd.var,Hmisc;questionr,11,0.0012,32
535,R,..2dge,Matrix,10,0.0011,28
536,R,V,igraph,10,0.0011,47
537,R,Winsorize,DescTools,10,0.0011,92
538,Python,accuracy_score,sklearn.metrics,10,0.0016,28
539,R,breakpoints,strucchange,10,0.0011,10
540,R,calc,raster,10,0.0011,30
541,R,coordinatevalues,sp,10,0.0011,13
542,R,dbinom,stats,10,0.0011,24
543,R,estimate,sna,10,0.0011,13
544,R,geom,raster,10,0.0011,27
545,R,get.ClusterOption,spdep,10,0.0011,10
546,R,getHdata,Hmisc,10,0.0011,10
547,R,is.estimable,lfe,10,0.0011,27
548,R,kernHAC,sandwich,10,0.0011,10
549,R,nbands,raster,10,0.0011,21
550,R,path,igraph,10,0.0011,42
551,R,prop.test,stats,10,0.0011,71
552,R,qqline,stats,10,0.0011,18
553,R,raintest,lmtest,10,0.0011,10
554,Python,random_sample,numpy.random,10,0.0016,23
555,R,read_stata,sjlabelled,10,0.0011,25
556,R,resettest,lmtest,10,0.0011,15
557,Python,rvs,scipy.stats,10,0.0016,136
558,R,st_combine,sf,10,0.0011,13
559,R,st_equals,sf,10,0.0011,15
560,R,st_layers,sf,10,0.0011,24
561,R,st_make_grid,sf,10,0.0011,24
562,R,st_precision,sf,10,0.0011,34
563,R,st_simplify,sf,10,0.0011,17
564,R,symmpart,Matrix,10,0.0011,10
565,R,systemfit,systemfit,10,0.0011,12
566,R,tm_borders,tmap,10,0.0011,34
567,R,tzone,xts,10,0.0011,57
568,R,vcovPC,sandwich,10,0.0011,34
569,R,vcovPL,sandwich,10,0.0011,14
570,R,SpatialGridDataFrame,sp,9,0.0010,14
571,R,as.complex,Matrix,9,0.0010,14
572,R,att_gt,did,9,0.0010,20
573,R,colortable,raster,9,0.0010,12
574,R,compfactor,lfe,9,0.0010,22
575,R,constrOptim,stats,9,0.0010,30
576,R,corAR1,nlme,9,0.0010,12
577,R,datadist,rms,9,0.0010,9
578,R,demeanlist,lfe,9,0.0010,45
579,R,dendrapply,stats,9,0.0010,24
580,R,endpoints,xts,9,0.0010,139
581,R,fepois,fixest;lfe,9,0.0010,159
582,R,get_acs,tidycensus,9,0.0010,41
583,R,group_by_at,srvyr,9,0.0010,16
584,R,hatvalues,VGAM;stats,9,0.0010,11
585,R,is.null.DN,Matrix,9,0.0010,18
586,R,is.weekend,tseries,9,0.0010,15
587,R,llines,metafor,9,0.0010,11
588,R,lpoints,metafor,9,0.0010,13
589,R,mat2listw,spdep,9,0.0010,20
590,R,pacf,stats,9,0.0010,29
591,R,pcauchy,stats,9,0.0010,35
592,R,performance,ROCR,9,0.0010,18
593,R,pointDistance,raster,9,0.0010,19
594,R,prediction,ROCR;margins,9,0.0010,9
595,R,qgamma,stats,9,0.0010,23
596,R,qr.Q,Matrix,9,0.0010,13
597,R,quos,srvyr,9,0.0010,37
598,Python,rankdata,scipy.stats,9,0.0014,39
599,R,read.coda,coda,9,0.0010,66
600,R,rename_all,srvyr,9,0.0010,54
601,R,sf.colors,sf,9,0.0010,21
602,R,st_convex_hull,sf,9,0.0010,17
603,R,st_drivers,sf,9,0.0010,18
604,R,st_is_simple,sf,9,0.0010,9
605,R,st_polygonize,sf,9,0.0010,13
606,R,summarize_all,srvyr,9,0.0010,20
607,R,summarize_at,srvyr,9,0.0010,16
608,R,symnum,stats,9,0.0010,9
609,R,tclass,xts,9,0.0010,40
610,R,trainControl,caret,9,0.0010,13
611,R,uniqTsparse,Matrix,9,0.0010,13
612,R,variables,brms,9,0.0010,9
613,R,wilcox.test,stats,9,0.0010,12
614,R,xtsAttributes,xts,9,0.0010,28
615,R,Box.test,stats,8,0.0009,21
616,R,Ecdf,Hmisc,8,0.0009,40
617,Python,ElasticNet,sklearn.linear_model,8,0.0013,52
618,R,HexPoints2SpatialPolygons,sp,8,0.0009,13
619,Python,PCG64,numpy.random,8,0.0013,11
620,R,aggte,did,8,0.0009,44
621,R,amce,cjoint,8,0.0009,57
622,R,approx,stats,8,0.0009,19
623,R,arima.sim,stats,8,0.0009,15
624,R,bal.plot,cobalt,8,0.0009,38
625,Python,brentq,scipy.optimize,8,0.0013,12
626,R,cellFromRowColCombine,raster,8,0.0009,17
627,R,cellStats,raster,8,0.0009,46
628,R,coefplot,MuMIn;arm;fixest,8,0.0009,31
629,R,constraints,VGAM,8,0.0009,8
630,R,corrplot,arm,8,0.0009,16
631,R,coxph.control,survival,8,0.0009,35
632,R,dataSigned,raster,8,0.0009,8
633,R,display,arm,8,0.0009,19
634,R,dlog,VGAM,8,0.0009,36
635,R,dummy,lme4,8,0.0009,8
636,R,dunif,stats,8,0.0009,28
637,R,efp,strucchange,8,0.0009,21
638,R,embed,stats,8,0.0009,10
639,R,forceSymmetric,Matrix,8,0.0009,19
640,R,getCluster,raster,8,0.0009,9
641,R,isLonLat,raster,8,0.0009,11
642,R,isTriangular,Matrix,8,0.0009,15
643,R,ks.test,stats,8,0.0009,103
644,R,llist,Hmisc,8,0.0009,8
645,R,makeDmatrix,lfe,8,0.0009,11
646,R,model.offset,stats,8,0.0009,12
647,R,nlsList,nlme,8,0.0009,14
648,R,pairs,raster,8,0.0009,10
649,R,plot.ts,stats,8,0.0009,12
650,R,ppoints,stats,8,0.0009,24
651,R,qf,stats,8,0.0009,45
652,R,qunif,stats,8,0.0009,20
653,Python,r2_score,sklearn.metrics,8,0.0013,19
654,R,rBind,Matrix,8,0.0009,26
655,R,ranef,brms;lme4;metafor;nlme;ordinal;plm;rstanarm,8,0.0009,25
656,R,rcauchy,stats,8,0.0009,13
657,R,rcorr,Hmisc,8,0.0009,11
658,R,rcs,rms,8,0.0009,8
659,R,rdirichlet,MCMCpack;brms,8,0.0009,11
660,R,rdrobust,rdrobust,8,0.0009,51
661,R,reset,lmtest,8,0.0009,14
662,R,returnCluster,raster,8,0.0009,9
663,R,rnbinom,stats,8,0.0009,8
664,Python,sf,scipy.stats,8,0.0013,78
665,R,shortest.paths,igraph,8,0.0009,8
666,R,spMatrix,Matrix,8,0.0009,12
667,R,st_disjoint,sf,8,0.0009,9
668,R,st_overlaps,sf,8,0.0009,11
669,R,st_within,sf,8,0.0009,9
670,R,tm_fill,tmap,8,0.0009,30
671,R,tmap_save,tmap,8,0.0009,23
672,R,tsdiag,stats,8,0.0009,22
673,R,write_sf,sf,8,0.0009,13
674,Python,BFGS,scipy.optimize,7,0.0011,13
675,R,Fstats,strucchange,7,0.0007,11
676,Python,Generator,numpy.random,7,0.0011,211
677,R,Mode,DescTools,7,0.0007,11
678,Python,add_constant,statsmodels,7,0.0011,12
679,R,amelia,Amelia,7,0.0007,9
680,R,anyDuplicatedT,Matrix,7,0.0007,8
681,R,approxExtrap,Hmisc,7,0.0007,18
682,R,ar,brms;stats,7,0.0007,18
683,R,as.dist,stats,7,0.0007,11
684,R,as.raster,raster,7,0.0007,8
685,R,as_Spatial,sf,7,0.0007,12
686,R,as_data_frame,igraph,7,0.0007,19
687,R,augPred,nlme,7,0.0007,12
688,R,bayesglm,arm,7,0.0007,129
689,R,cellsFromExtent,raster,7,0.0007,16
690,R,classIntervals,classInt,7,0.0007,36
691,R,coordnames,sp,7,0.0007,13
692,R,cox.zph,survival,7,0.0007,25
693,R,cut2,Hmisc,7,0.0007,13
694,R,demean,fixest,7,0.0007,25
695,R,dropRollCall,pscl,7,0.0007,7
696,R,efactory,lfe,7,0.0007,23
697,R,expm,Matrix,7,0.0007,27
698,R,extend,raster,7,0.0007,9
699,R,factorValues,raster,7,0.0007,9
700,R,frailty,survival,7,0.0007,228
701,R,freq,questionr;raster,7,0.0007,39
702,R,frequency,stats,7,0.0007,22
703,R,func,raster,7,0.0007,22
704,R,gefp,strucchange,7,0.0007,7
705,R,getME,lme4,7,0.0007,22
706,R,glm.cluster,miceadds,7,0.0007,201
707,R,graph.adjacency,igraph,7,0.0007,29
708,R,group_rows,srvyr,7,0.0007,17
709,R,group_split,srvyr,7,0.0007,17
710,R,ideal,pscl,7,0.0007,7
711,R,kweights,sandwich,7,0.0007,40
712,R,l,fixest,7,0.0007,88
713,R,lmList,lme4;nlme,7,0.0007,12
714,R,lm_lin,estimatr,7,0.0007,44
715,R,maxLik,plm,7,0.0007,7
716,R,n.comp.nb,spdep,7,0.0007,12
717,R,nbdists,spdep,7,0.0007,9
718,R,panel,fixest,7,0.0007,10
719,Python,pdf,scipy.stats,7,0.0011,162
720,R,qtm,tmap,7,0.0007,9
721,Python,rbf_kernel,sklearn.metrics,7,0.0011,21
722,R,readKH,pscl,7,0.0007,7
723,R,rlogis,stats,7,0.0007,9
724,R,rweibull,stats,7,0.0007,7
725,R,setZ,raster,7,0.0007,9
726,R,sp.polygons,sp,7,0.0007,7
727,R,sp.theme,sp,7,0.0007,57
728,Python,spearmanr,scipy.stats,7,0.0011,91
729,R,spweights.constants,spdep,7,0.0007,10
730,R,st_boundary,sf,7,0.0007,10
731,R,st_contains,sf,7,0.0007,8
732,R,st_covered_by,sf,7,0.0007,11
733,R,st_graticule,sf,7,0.0007,15
734,R,st_sym_difference,sf,7,0.0007,8
735,R,stepAIC,MASS,7,0.0007,18
736,R,stringdist,stringdist,7,0.0007,7
737,R,stripplot,mice,7,0.0007,19
738,R,tsp,stats,7,0.0007,8
739,R,unstack,raster,7,0.0007,7
740,R,varIdent,nlme,7,0.0007,17
741,R,varPower,nlme,7,0.0007,16
742,R,.diagU2N,Matrix,6,0.0006,10
743,R,MatchBalance,Matching,6,0.0006,10
744,Python,NonlinearConstraint,scipy.optimize,6,0.0010,58
745,R,PanelEstimate,PanelMatch,6,0.0006,25
746,R,PanelMatch,PanelMatch,6,0.0006,43
747,Python,Perceptron,sklearn.linear_model,6,0.0010,27
748,R,Predict,car;rms,6,0.0006,10
749,Python,SGDClassifier,sklearn.linear_model,6,0.0010,18
750,R,SSlogis,stats,6,0.0006,10
751,R,Szero,spdep,6,0.0006,8
752,R,adf.test,tseries,6,0.0006,15
753,R,aggregate.data.frame,stats,6,0.0006,11
754,R,amatch,stringdist,6,0.0006,7
755,R,augment,broom.mixed,6,0.0006,19
756,R,brglm,brglm,6,0.0006,31
757,R,capitalize,Hmisc,6,0.0006,6
758,R,cbind2,Matrix,6,0.0006,40
759,R,compareCRS,raster,6,0.0006,6
760,R,condfstat,lfe,6,0.0006,12
761,Python,confusion_matrix,sklearn.metrics,6,0.0010,30
762,R,cov.rob,MASS,6,0.0006,7
763,R,degreeLabelsEW,sp,6,0.0006,6
764,R,degreeLabelsNS,sp,6,0.0006,6
765,R,diffnb,spdep,6,0.0006,6
766,R,dispersiontest,AER,6,0.0006,18
767,R,dnearneigh,spdep,6,0.0006,16
768,R,dotchart,survey,6,0.0006,26
769,Python,euclidean_distances,sklearn.metrics,6,0.0010,22
770,R,fitdistr,MASS,6,0.0006,18
771,R,fun1,metafor,6,0.0006,27
772,R,garch,tseries,6,0.0006,11
773,R,get.hist.quote,tseries,6,0.0006,12
774,R,ggmap,ggmap,6,0.0006,8
775,R,gnls,nlme,6,0.0006,8
776,R,graph.edgelist,igraph,6,0.0006,6
777,R,gridlines,sp,6,0.0006,6
778,R,group_map,srvyr,6,0.0006,13
779,R,html,Hmisc;memisc,6,0.0006,8
780,R,identicalCRS,sp,6,0.0006,18
781,R,influence.measures,stats,6,0.0006,11
782,R,is.regular,zoo,6,0.0006,12
783,R,is_named,igraph,6,0.0006,10
784,Python,lognormal,numpy.random,6,0.0010,23
785,R,lowess,stats,6,0.0006,7
786,R,lrm,rms,6,0.0006,130
787,R,makegrid,sp,6,0.0006,6
788,Python,mean_squared_error,sklearn.metrics,6,0.0010,24
789,Python,mode,scipy.stats,6,0.0010,36
790,R,nlminb,stats,6,0.0006,9
791,Python,norm,scipy.stats,6,0.0010,20
792,Python,pareto,numpy.random,6,0.0010,15
793,R,period.apply,xts,6,0.0006,40
794,R,plsmo,Hmisc,6,0.0006,8
795,R,po.test,tseries,6,0.0006,6
796,R,prcomp,stats,6,0.0006,6
797,R,princomp,stats,6,0.0006,9
798,R,projectRaster,raster,6,0.0006,12
799,R,rankMatrix,Matrix,6,0.0006,6
800,R,rawToHex,sf,6,0.0006,8
801,Python,roc_auc_score,sklearn.metrics,6,0.0010,75
802,R,rollsum,zoo,6,0.0006,46
803,R,select_if,srvyr,6,0.0006,8
804,R,sem,lavaan,6,0.0006,54
805,R,setFixest_fml,fixest,6,0.0006,20
806,R,setMinMax,raster,6,0.0006,11
807,R,sp.text,sp,6,0.0006,11
808,R,sparse.model.matrix,Matrix,6,0.0006,22
809,R,spectrum,igraph;stats,6,0.0006,23
810,R,st_covers,sf,6,0.0006,6
811,R,st_crosses,sf,6,0.0006,6
812,R,st_equals_exact,sf,6,0.0006,6
813,R,st_geometry_type,sf,6,0.0006,8
814,R,st_nearest_feature,sf,6,0.0006,11
815,R,stl,stats,6,0.0006,9
816,R,summaryP,Hmisc,6,0.0006,12
817,R,supsmu,stats,6,0.0006,14
818,R,syms,memisc;srvyr,6,0.0006,47
819,R,tm_polygons,tmap,6,0.0006,50
820,R,tr,aod;psych,6,0.0006,28
821,R,ts.intersect,stats,6,0.0006,7
822,R,vcovBS,sandwich,6,0.0006,12
823,R,xpred.rpart,rpart,6,0.0006,7
824,R,zooreg,zoo,6,0.0006,12
825,R,.getXlevels,stats,5,0.0005,5
826,R,.onLoad,sna,5,0.0005,5
827,R,C,stats,5,0.0005,9
828,R,SpatialPolygonsRescale,sp,5,0.0005,10
829,R,StructTS,stats,5,0.0005,5
830,Python,adjusted_rand_score,sklearn.metrics,5,0.0008,12
831,R,alignExtent,raster,5,0.0005,5
832,R,area,MASS;raster,5,0.0005,5
833,R,bandnr,raster,5,0.0005,11
834,R,betareg,betareg,5,0.0005,10
835,Python,binom,scipy.stats,5,0.0008,10
836,R,boundary,strucchange,5,0.0005,13
837,R,c_across,srvyr,5,0.0005,11
838,R,census_api_key,tidycensus,5,0.0005,5
839,R,center,sjmisc,5,0.0005,7
840,R,cfa,lavaan,5,0.0005,24
841,R,char2dms,sp,5,0.0005,10
842,R,clusters,betareg;igraph,5,0.0005,8
843,R,cmeans,e1071,5,0.0005,9
844,R,compare,igraph,5,0.0005,6
845,R,components,igraph;marginaleffects;sna,5,0.0005,5
846,R,cov.wt,stats,5,0.0005,8
847,R,decompose,igraph;stats,5,0.0005,5
848,R,difference_in_means,estimatr,5,0.0005,104
849,R,disaggregate,raster;sp,5,0.0005,7
850,R,dnbinom,stats,5,0.0005,10
851,R,dummyVars,caret,5,0.0005,5
852,R,encomptest,lmtest,5,0.0005,5
853,R,expand.model.frame,stats,5,0.0005,6
854,R,femlm,fixest,5,0.0005,7
855,R,fft,stats,5,0.0005,21
856,R,fitstat,fixest,5,0.0005,17
857,R,fun2,raster,5,0.0005,25
858,R,getData,lme4;nlme;raster,5,0.0005,6
859,R,get_y,brms;rstanarm,5,0.0005,7
860,R,gqtest,lmtest,5,0.0005,5
861,Python,group_columns,scipy.optimize,5,0.0008,10
862,R,harvtest,lmtest,5,0.0005,5
863,R,horvitz_thompson,estimatr,5,0.0005,94
864,R,is.symmetric.glist,spdep,5,0.0005,11
865,R,is.ts,stats,5,0.0005,10
866,R,isDiagonal,Matrix,5,0.0005,10
867,R,joinCountryData2Map,rworldmap,5,0.0005,9
868,Python,kendalltau,scipy.stats,5,0.0008,50
869,R,kpss.test,tseries,5,0.0005,5
870,Python,kstest,scipy.stats,5,0.0008,16
871,R,kurtosis,e1071,5,0.0005,5
872,R,layout.north.arrow,sp,5,0.0005,45
873,R,layout.scale.bar,sp,5,0.0005,35
874,Python,linear_sum_assignment,scipy.optimize,5,0.0008,17
875,R,lm_robust_fit,estimatr,5,0.0005,13
876,R,load_variables,tidycensus,5,0.0005,5
877,R,lsfit,stats,5,0.0005,9
878,Python,make_scorer,sklearn.metrics,5,0.0008,42
879,R,mapCountryData,rworldmap,5,0.0005,12
880,R,mapLegendGrob,sp,5,0.0005,5
881,R,margins,ltm;margins,5,0.0005,21
882,R,nblag,spdep,5,0.0005,5
883,R,omega,psych,5,0.0005,10
884,R,origin,raster,5,0.0005,6
885,R,pFtest,plm,5,0.0005,5
886,R,panel.pointsplot,sp,5,0.0005,5
887,R,pdDiag,nlme,5,0.0005,24
888,R,pgmm,plm,5,0.0005,5
889,R,phi,psych,5,0.0005,7
890,R,phtest,plm,5,0.0005,5
891,R,plmtest,plm,5,0.0005,5
892,Python,pmf,scipy.stats,5,0.0008,61
893,R,pnbinom,stats,5,0.0005,24
894,R,polygons,sp,5,0.0005,5
895,R,pp.test,tseries,5,0.0005,5
896,R,printSpMatrix,Matrix,5,0.0005,8
897,R,projectExtent,raster,5,0.0005,7
898,R,pweibull,stats,5,0.0005,18
899,R,qqplot,stats,5,0.0005,5
900,R,qr.qy,Matrix,5,0.0005,8
901,R,qr.resid,Matrix,5,0.0005,11
902,R,qzipois,VGAM,5,0.0005,5
903,Python,recall_score,sklearn.metrics,5,0.0008,21
904,R,rgeom,stats,5,0.0005,5
905,R,rstandard,stats,5,0.0005,12
906,R,rzipois,VGAM,5,0.0005,5
907,R,sampleRandom,raster,5,0.0005,5
908,R,sensemakr,sensemakr,5,0.0005,8
909,R,setExtent,raster,5,0.0005,5
910,R,shapiro.test,stats,5,0.0005,17
911,R,skewness,e1071,5,0.0005,5
912,R,skewpart,Matrix,5,0.0005,5
913,R,smooth,stats,5,0.0005,67
914,R,sn2listw,spdep,5,0.0005,7
915,R,spline,stats,5,0.0005,7
916,R,st_as_grob,sf,5,0.0005,24
917,R,st_set_agr,sf,5,0.0005,5
918,R,summary.lm,stats,5,0.0005,7
919,R,tformat,xts,5,0.0005,16
920,R,tmap_arrange,tmap,5,0.0005,14
921,R,tmp,metafor,5,0.0005,7
922,R,toTitleCase,tmap,5,0.0005,7
923,R,translate,Hmisc,5,0.0005,62
924,Python,v_measure_score,sklearn.metrics,5,0.0008,16
925,R,varImp,caret,5,0.0005,6
926,R,vcovOPG,sandwich,5,0.0005,5
927,R,vcovSCC,plm,5,0.0005,5
928,R,version,mice,5,0.0005,7
929,R,winsor,psych,5,0.0005,13
930,R,zap_labels,sjlabelled,5,0.0005,20
931,R,zerodist,sp,5,0.0005,6
932,R,.bdiag,Matrix,4,0.0004,4
933,R,.parseISO8601,xts,4,0.0004,30
934,R,Effect,effects,4,0.0004,10
935,R,Function,Hmisc,4,0.0004,8
936,R,G,arm,4,0.0004,17
937,Python,Halton,scipy.stats,4,0.0006,24
938,R,Hilbert,Matrix,4,0.0004,6
939,R,HoltWinters,stats,4,0.0004,4
940,R,Initialize,nlme,4,0.0004,16
941,Python,LinearConstraint,scipy.optimize,4,0.0006,21
942,R,Null,MASS,4,0.0004,4
943,Python,OrthogonalMatchingPursuit,sklearn.linear_model,4,0.0006,6
944,R,Recode,DescTools;car,4,0.0004,6
945,R,SSasymp,stats,4,0.0004,5
946,R,SSasympOff,stats,4,0.0004,9
947,Python,Sobol,scipy.stats,4,0.0006,11
948,Python,WLS,statsmodels,4,0.0006,7
949,Python,acf,statsmodels,4,0.0006,5
950,R,addMarginal,Hmisc,4,0.0004,4
951,R,adjacent,raster,4,0.0004,4
952,R,alias,stats,4,0.0004,4
953,R,apply.monthly,xts,4,0.0004,10
954,R,ar.yw,stats,4,0.0004,7
955,Python,average_precision_score,sklearn.metrics,4,0.0006,39
956,R,axTicksByTime,xts,4,0.0004,8
957,R,bam,mgcv,4,0.0004,5
958,R,band,Matrix,4,0.0004,9
959,R,bin,fixest,4,0.0004,9
960,R,binconf,Hmisc,4,0.0004,4
961,R,boundaries,raster,4,0.0004,4
962,R,bw.SJ,stats,4,0.0004,5
963,R,cBind,Matrix,4,0.0004,42
964,R,cell2nb,spdep,4,0.0004,6
965,Python,check_grad,scipy.optimize,4,0.0006,5
966,Python,chi2,scipy.stats,4,0.0006,6
967,R,clearValues,raster,4,0.0004,5
968,R,coda.samples,rjags,4,0.0004,8
969,R,condest,Matrix,4,0.0004,4
970,R,contents,Hmisc,4,0.0004,4
971,R,cophenetic,stats,4,0.0004,8
972,R,createDataPartition,caret,4,0.0004,7
973,R,css,memisc,4,0.0004,4
974,R,d,fixest,4,0.0004,13
975,R,dcauchy,stats,4,0.0004,8
976,R,dchisq,stats,4,0.0004,16
977,R,dexp,stats,4,0.0004,8
978,R,dgeom,stats,4,0.0004,8
979,R,dhyper,stats,4,0.0004,8
980,R,distHaversine,geosphere,4,0.0004,6
981,R,dlnorm,stats,4,0.0004,8
982,R,dlogis,stats,4,0.0004,8
983,R,dweibull,stats,4,0.0004,8
984,R,dwilcox,stats,4,0.0004,8
985,R,enexpr,srvyr,4,0.0004,16
986,R,erase,raster,4,0.0004,7
987,R,fdHess,nlme,4,0.0004,4
988,R,feNmlm,fixest,4,0.0004,8
989,R,fenegbin,fixest,4,0.0004,8
990,R,fisher.test,stats,4,0.0004,53
991,R,focal,raster,4,0.0004,28
992,Python,fsolve,scipy.optimize,4,0.0006,4
993,R,gabrielneigh,spdep,4,0.0004,6
994,R,gamSim,mgcv,4,0.0004,9
995,R,get.w,cobalt,4,0.0004,22
996,R,getGridIndex,sp,4,0.0004,5
997,R,get_ll_warn,sp,4,0.0004,4
998,Python,get_scorer,sklearn.metrics,4,0.0006,23
999,R,gghistogram,forecast,4,0.0004,5
1000,R,glmnet.control,glmnet,4,0.0004,8
1001,R,graph2nb,spdep,4,0.0004,20
1002,R,group_modify,srvyr,4,0.0004,4
1003,R,gsynth,gsynth,4,0.0004,18
1004,R,hdquantile,Hmisc,4,0.0004,8
1005,R,hdr,raster,4,0.0004,6
1006,R,isLDL,Matrix,4,0.0004,4
1007,R,is_empty,sjmisc,4,0.0004,8
1008,R,jags.model,rjags,4,0.0004,8
1009,R,jarque.bera.test,tseries,4,0.0004,18
1010,R,kernel,stats,4,0.0004,8
1011,R,knearneigh,spdep,4,0.0004,14
1012,R,knn2nb,spdep,4,0.0004,14
1013,Python,ks_2samp,scipy.stats,4,0.0006,11
1014,R,ksmooth,stats,4,0.0004,17
1015,Python,kurtosis,scipy.stats,4,0.0006,23
1016,R,lm.wfit,stats,4,0.0004,8
1017,R,mChoice,Hmisc,4,0.0004,4
1018,R,magic,mgcv,4,0.0004,9
1019,R,mapasp,sp,4,0.0004,6
1020,R,mice,mice,4,0.0004,6
1021,R,mosaic,raster,4,0.0004,8
1022,Python,mquantiles,scipy.stats,4,0.0006,4
1023,R,nest_by,srvyr,4,0.0004,6
1024,Python,newton,scipy.optimize,4,0.0006,47
1025,R,optimHess,stats,4,0.0004,5
1026,R,pack,Matrix,4,0.0004,8
1027,Python,pearsonr,scipy.stats,4,0.0006,42
1028,R,period.max,xts,4,0.0004,6
1029,R,periodicity,xts,4,0.0004,43
1030,R,pexp,stats,4,0.0004,16
1031,R,pgeom,stats,4,0.0004,16
1032,R,phyper,stats,4,0.0004,16
1033,R,plnorm,stats,4,0.0004,16
1034,R,point.in.polygon,sp,4,0.0004,5
1035,Python,precision_score,sklearn.metrics,4,0.0006,12
1036,R,predictions,marginaleffects,4,0.0004,16
1037,R,pwilcox,stats,4,0.0004,16
1038,R,qcauchy,stats,4,0.0004,16
1039,R,qexp,stats,4,0.0004,16
1040,R,qgeom,stats,4,0.0004,16
1041,R,qhyper,stats,4,0.0004,16
1042,R,qlnorm,stats,4,0.0004,16
1043,R,qlogis,stats,4,0.0004,16
1044,R,qnbinom,stats,4,0.0004,16
1045,R,qweibull,stats,4,0.0004,16
1046,R,qwilcox,stats,4,0.0004,16
1047,R,rasterToPolygons,raster,4,0.0004,18
1048,R,rational,MASS,4,0.0004,36
1049,R,rbind2,Matrix,4,0.0004,32
1050,R,rdbwselect,rdrobust,4,0.0004,22
1051,R,read.gal,spdep,4,0.0004,6
1052,R,readIniFile,raster,4,0.0004,4
1053,R,relativeneigh,spdep,4,0.0004,6
1054,R,resample,raster,4,0.0004,5
1055,R,rf,stats,4,0.0004,4
1056,R,rhyper,stats,4,0.0004,4
1057,Python,root_scalar,scipy.optimize,4,0.0006,16
1058,R,rwilcox,stats,4,0.0004,4
1059,R,selection,sampleSelection,4,0.0004,5
1060,Python,skew,scipy.stats,4,0.0006,20
1061,R,smean.cl.normal,Hmisc,4,0.0004,4
1062,R,smooth.spline,stats,4,0.0004,4
1063,R,soi.graph,spdep,4,0.0004,8
1064,R,sparseVector,Matrix,4,0.0004,4
1065,R,st_is_within_distance,sf,4,0.0004,11
1066,R,st_line_merge,sf,4,0.0004,7
1067,R,st_sample,sf,4,0.0004,25
1068,R,st_set_precision,sf,4,0.0004,26
1069,Python,standard_normal,numpy.random,4,0.0006,12
1070,R,stratify,Hmisc,4,0.0004,4
1071,R,summaryS,Hmisc,4,0.0004,32
1072,R,theme_nothing,ggmap,4,0.0004,5
1073,R,tmap_mode,tmap,4,0.0004,9
1074,R,tri2nb,spdep,4,0.0004,8
1075,R,tune,e1071,4,0.0004,4
1076,R,unpack,Matrix,4,0.0004,4
1077,R,validate,rms,4,0.0004,10
1078,R,vcovBK,plm,4,0.0004,76
1079,R,writeMM,Matrix,4,0.0004,6
1080,R,.C2nC,Matrix,3,0.0003,4
1081,R,.asmatrix,Matrix,3,0.0003,22
1082,R,.symDiagonal,Matrix,3,0.0003,4
1083,R,.trDiagonal,Matrix,3,0.0003,6
1084,R,ACF,nlme,3,0.0003,9
1085,Python,ARDRegression,sklearn.linear_model,3,0.0005,11
1086,R,Abind,DescTools,3,0.0003,3
1087,R,Cv_to_Vv,lme4,3,0.0003,3
1088,R,E,igraph,3,0.0003,20
1089,R,KhatriRao,Matrix,3,0.0003,3
1090,Python,LogisticRegressionCV,sklearn.linear_model,3,0.0005,33
1091,Python,MT19937,numpy.random,3,0.0005,178
1092,Python,PassiveAggressiveClassifier,sklearn.linear_model,3,0.0005,17
1093,Python,ScalarFunction,scipy.optimize,3,0.0005,12
1094,Python,SeedSequence,numpy.random,3,0.0005,9
1095,R,Variogram,nlme,3,0.0003,9
1096,R,Vv_to_Cv,lme4,3,0.0003,3
1097,R,WDI,WDI,3,0.0003,5
1098,R,apply.yearly,xts,3,0.0003,3
1099,Python,approx_derivative,scipy.optimize,3,0.0005,71
1100,R,as.SpatialPolygons.GridTopology,sp,3,0.0003,3
1101,R,as.irts,tseries,3,0.0003,3
1102,R,as.mcmc,brms;coda,3,0.0003,25
1103,R,as.zooreg,zoo,3,0.0003,3
1104,R,bdiag,Matrix,3,0.0003,12
1105,Python,bernoulli,scipy.stats,3,0.0005,6
1106,Python,beta,scipy.stats,3,0.0005,6
1107,R,bigGlm,glmnet,3,0.0003,4
1108,Python,brier_score_loss,sklearn.metrics,3,0.0005,21
1109,R,calibration,caret,3,0.0003,3
1110,R,case.names,VGAM;stats,3,0.0003,3
1111,R,cbind.sf,sf,3,0.0003,5
1112,R,ceil,Hmisc,3,0.0003,7
1113,R,cgsolve,lfe,3,0.0003,10
1114,Python,check_scoring,sklearn.metrics,3,0.0005,11
1115,Python,chisquare,numpy.random,3,0.0005,5
1116,R,cluster.bs.glm,clusterSEs,3,0.0003,46
1117,R,coeftable,fixest,3,0.0003,8
1118,R,confint.default,stats,3,0.0003,50
1119,R,confusionMatrix,caret,3,0.0003,7
1120,R,conley,fixest,3,0.0003,9
1121,R,corCAR1,nlme,3,0.0003,3
1122,R,corCompSymm,nlme,3,0.0003,6
1123,R,corMatrix,Matrix;nlme,3,0.0003,10
1124,R,corSymm,nlme,3,0.0003,5
1125,R,cur_column,srvyr,3,0.0003,3
1126,R,cycle,stats,3,0.0003,4
1127,R,datagrid,marginaleffects,3,0.0003,7
1128,R,declaration_to_condition_pr_mat,estimatr,3,0.0003,26
1129,R,diameter,igraph,3,0.0003,3
1130,R,dmvnorm,mvtnorm,3,0.0003,4
1131,R,drawExtent,raster,3,0.0003,7
1132,R,ebalance,ebal,3,0.0003,3
1133,Python,entropy,scipy.stats,3,0.0005,53
1134,R,eqscplot,MASS,3,0.0003,31
1135,Python,exponential,numpy.random,3,0.0005,5
1136,Python,f1_score,sklearn.metrics,3,0.0005,10
1137,R,fa,psych,3,0.0003,7
1138,R,fa.parallel,psych,3,0.0003,6
1139,R,family,stats,3,0.0003,3
1140,R,fevcov,lfe,3,0.0003,3
1141,R,findbars,lme4,3,0.0003,3
1142,R,fourier,forecast,3,0.0003,3
1143,Python,gaussian_kde,scipy.stats,3,0.0005,3
1144,R,geary.test,spdep,3,0.0003,5
1145,R,gen_pr_matrix_cluster,estimatr,3,0.0003,5
1146,R,geocode,ggmap,3,0.0003,3
1147,R,get.ZeroPolicyOption,spdep,3,0.0003,5
1148,R,getCall,stats,3,0.0003,3
1149,R,getFixest_notes,fixest,3,0.0003,10
1150,R,getFixest_nthreads,fixest,3,0.0003,9
1151,R,getSpPPolygonsLabptSlots,sp,3,0.0003,4
1152,R,get_Polypath,sp,3,0.0003,5
1153,R,get_decennial,tidycensus,3,0.0003,3
1154,R,get_ll_TOL,sp,3,0.0003,3
1155,R,glmmPQL,MASS,3,0.0003,5
1156,R,gr,brms,3,0.0003,4
1157,R,group_keys,srvyr,3,0.0003,6
1158,R,group_vars,srvyr,3,0.0003,18
1159,R,ifelse.zoo,zoo,3,0.0003,3
1160,R,importance,MuMIn;randomForest,3,0.0003,3
1161,R,indexClass,xts,3,0.0003,51
1162,R,indexTZ,xts,3,0.0003,7
1163,R,inspect,lavaan,3,0.0003,6
1164,R,inv.logit,boot,3,0.0003,12
1165,R,kaczmarz,lfe,3,0.0003,4
1166,R,kde2d,MASS,3,0.0003,4
1167,R,lFormula,lme4,3,0.0003,9
1168,Python,linregress,scipy.stats,3,0.0005,23
1169,R,listw2sn,spdep,3,0.0003,3
1170,R,listw2star,spdep,3,0.0003,3
1171,R,lm.cluster,miceadds,3,0.0003,26
1172,R,loess.smooth,stats,3,0.0003,6
1173,Python,log_loss,sklearn.metrics,3,0.0005,19
1174,Python,logcdf,scipy.stats,3,0.0005,20
1175,Python,logpdf,scipy.stats,3,0.0005,42
1176,Python,logpmf,scipy.stats,3,0.0005,20
1177,R,lrtest.default,lmtest,3,0.0003,3
1178,Python,mannwhitneyu,scipy.stats,3,0.0005,65
1179,R,matching,arm,3,0.0003,11
1180,Python,mean,scipy.stats,3,0.0005,22
1181,R,medsens,mediation,3,0.0003,11
1182,R,mi.meld,Amelia,3,0.0003,5
1183,R,missmap,Amelia,3,0.0003,3
1184,R,mkDataTemplate,lme4,3,0.0003,3
1185,R,mkMerMod,lme4,3,0.0003,3
1186,R,mkParsTemplate,lme4,3,0.0003,3
1187,R,mlist2vec,lme4,3,0.0003,3
1188,Python,moment,scipy.stats,3,0.0005,39
1189,R,moran,spdep,3,0.0003,6
1190,R,moran.test,spdep,3,0.0003,17
1191,R,n_groups,srvyr,3,0.0003,4
1192,R,na.contiguous,stats,3,0.0003,3
1193,R,na.spline,zoo,3,0.0003,6
1194,R,ncvTest,car,3,0.0003,6
1195,Python,normalized_mutual_info_score,sklearn.metrics,3,0.0005,11
1196,Python,normaltest,scipy.stats,3,0.0005,12
1197,R,number,Matrix,3,0.0003,25
1198,R,optimise,stats,3,0.0003,4
1199,R,optimizeLmer,lme4,3,0.0003,3
1200,R,ovb_minimal_reporting,sensemakr,3,0.0003,3
1201,R,p.adjustSP,spdep,3,0.0003,3
1202,R,pR2,pscl,3,0.0003,61
1203,Python,pairwise_distances_argmin,sklearn.metrics,3,0.0005,5
1204,Python,pairwise_kernels,sklearn.metrics,3,0.0005,15
1205,R,parcoord,MASS,3,0.0003,4
1206,R,pdBlocked,nlme,3,0.0003,4
1207,Python,precision_recall_curve,sklearn.metrics,3,0.0005,15
1208,R,predict.gam,mgcv,3,0.0003,5
1209,R,pspline,survival,3,0.0003,5
1210,R,qr.fitted,Matrix,3,0.0003,9
1211,R,qr.qty,Matrix,3,0.0003,6
1212,R,readMM,Matrix,3,0.0003,5
1213,R,refitML,lme4,3,0.0003,9
1214,R,rlm,MASS,3,0.0003,26
1215,R,rmultinom,stats,3,0.0003,4
1216,R,round2,VGAM;miceadds,3,0.0003,179
1217,Python,sample,numpy.random,3,0.0005,6
1218,R,scatter.smooth,stats,3,0.0003,18
1219,Python,scoreatpercentile,scipy.stats,3,0.0005,16
1220,Python,sem,scipy.stats,3,0.0005,10
1221,R,setFixest_etable,fixest,3,0.0003,3
1222,R,set_labels,sjlabelled,3,0.0003,11
1223,R,slopes,marginaleffects,3,0.0003,7
1224,R,st_axis_order,sf,3,0.0003,5
1225,R,st_point_on_surface,sf,3,0.0003,6
1226,R,st_reverse,sf,3,0.0003,6
1227,R,st_snap,sf,3,0.0003,9
1228,R,st_triangulate,sf,3,0.0003,8
1229,R,st_wrap_dateline,sf,3,0.0003,5
1230,Python,stats,scipy.stats,3,0.0005,69
1231,R,step,lmerTest;stats,3,0.0003,6
1232,R,subs,raster,3,0.0003,6
1233,R,survreg,survival,3,0.0003,33
1234,R,svm,e1071,3,0.0003,12
1235,R,sw,MuMIn,3,0.0003,9
1236,R,terrain,raster,3,0.0003,4
1237,R,tm_facets,tmap,3,0.0003,5
1238,R,tm_symbols,tmap,3,0.0003,3
1239,R,to.monthly,xts,3,0.0003,4
1240,R,to.period,xts,3,0.0003,9
1241,R,truehist,MASS,3,0.0003,14
1242,R,tstat,fixest,3,0.0003,6
1243,R,validNames,raster,3,0.0003,6
1244,R,validRow,raster,3,0.0003,6
1245,R,value,tseries,3,0.0003,4
1246,Python,var,scipy.stats,3,0.0005,21
1247,R,var_labels,sjlabelled,3,0.0003,6
1248,R,vec2mlist,lme4,3,0.0003,3
1249,R,vis.gam,mgcv,3,0.0003,9
1250,R,wpct,weights,3,0.0003,32
1251,R,yearqtr,zoo,3,0.0003,3
1252,R,.checkMFClasses,stats,2,0.0002,4
1253,R,.dense2sy,Matrix,2,0.0002,2
1254,R,.diag2sT,Matrix,2,0.0002,5
1255,R,.diag2tT,Matrix,2,0.0002,9
1256,R,.indexwday,xts,2,0.0002,2
1257,R,.lm.fit,stats,2,0.0002,4
1258,R,.solve.dgC.lu,Matrix,2,0.0002,5
1259,R,.sparse2kind,Matrix,2,0.0002,6
1260,Python,BayesianRidge,sklearn.linear_model,2,0.0003,12
1261,R,Boot,car,2,0.0002,2
1262,R,CBPS,CBPS,2,0.0002,2
1263,R,Cbind,Hmisc,2,0.0002,2
1264,R,Cs,Hmisc,2,0.0002,4
1265,Python,DescrStatsW,statsmodels,2,0.0003,3
1266,R,EBImoran.mc,spdep,2,0.0002,2
1267,R,EBlocal,spdep,2,0.0002,2
1268,Python,ElasticNetCV,sklearn.linear_model,2,0.0003,18
1269,R,GenMatch,Matching,2,0.0002,5
1270,Python,IVGMM,linearmodels,2,0.0003,2
1271,R,LOSH,spdep,2,0.0002,3
1272,Python,LassoCV,sklearn.linear_model,2,0.0003,13
1273,Python,LassoLarsIC,sklearn.linear_model,2,0.0003,3
1274,Python,MultiTaskElasticNet,sklearn.linear_model,2,0.0003,8
1275,R,NAvalue,raster,2,0.0002,4
1276,Python,PreparedConstraint,scipy.optimize,2,0.0003,13
1277,R,PseudoR2,DescTools,2,0.0002,79
1278,R,Rank,VGAM,2,0.0002,4
1279,R,Reclass,xts,2,0.0002,2
1280,Python,RidgeCV,sklearn.linear_model,2,0.0003,30
1281,Python,RidgeClassifier,sklearn.linear_model,2,0.0003,8
1282,Python,SGDRegressor,sklearn.linear_model,2,0.0003,6
1283,Python,SR1,scipy.optimize,2,0.0003,8
1284,R,SSfol,stats,2,0.0002,5
1285,R,Trace,pastecs,2,0.0002,3
1286,Python,_broadcast_concatenate,scipy.stats,2,0.0003,2
1287,Python,_remove_redundancy_id,scipy.optimize,2,0.0003,2
1288,Python,_remove_redundancy_pivot_dense,scipy.optimize,2,0.0003,3
1289,Python,_remove_redundancy_pivot_sparse,scipy.optimize,2,0.0003,2
1290,Python,_remove_redundancy_svd,scipy.optimize,2,0.0003,3
1291,Python,_ttest_finish,scipy.stats,2,0.0003,2
1292,R,abIseq1,Matrix,2,0.0002,10
1293,R,addterm,MASS,2,0.0002,3
1294,R,align.time,xts,2,0.0002,2
1295,R,allEffects,effects,2,0.0002,4
1296,R,apply.daily,xts,2,0.0002,2
1297,Python,approx_fprime,scipy.optimize,2,0.0003,2
1298,R,areg,Hmisc,2,0.0002,2
1299,R,as.image.SpatialGridDataFrame,sp,2,0.0002,4
1300,R,assess.glmnet,glmnet,2,0.0002,8
1301,Python,auc,sklearn.metrics,2,0.0003,15
1302,R,auto.arima,forecast,2,0.0002,2
1303,R,autocor,brms,2,0.0002,8
1304,R,avg_slopes,marginaleffects,2,0.0002,5
1305,R,bal.compute,cobalt,2,0.0002,14
1306,R,bal.init,cobalt,2,0.0002,6
1307,R,baltest.collect,ebal,2,0.0002,5
1308,Python,basinhopping,scipy.optimize,2,0.0003,19
1309,R,bbexpand,sp,2,0.0002,4
1310,R,bccorr,lfe,2,0.0002,2
1311,Python,beta,numpy.random,2,0.0003,2
1312,R,bf,brms,2,0.0002,14
1313,R,binom.test,stats,2,0.0002,5
1314,R,bootkm,Hmisc,2,0.0002,4
1315,R,bpplt,Hmisc,2,0.0002,2
1316,R,brm,brms,2,0.0002,14
1317,Python,brunnermunzel,scipy.stats,2,0.0003,30
1318,R,calibrate,VGAM;rms;survey,2,0.0002,11
1319,R,causal_forest,grf,2,0.0002,4
1320,R,cellFromCol,raster,2,0.0002,2
1321,R,cellFromRow,raster,2,0.0002,2
1322,R,cem,cem,2,0.0002,4
1323,Python,chi2_kernel,sklearn.metrics,2,0.0003,11
1324,Python,chisquare,scipy.stats,2,0.0003,11
1325,R,choynowski,spdep,2,0.0002,2
1326,R,classAgreement,e1071,2,0.0002,4
1327,R,clm,ordinal,2,0.0002,112
1328,R,clmm,ordinal,2,0.0002,7
1329,R,clogit,survival,2,0.0002,7
1330,R,closeness,igraph;sna,2,0.0002,3
1331,R,coef_test,clubSandwich,2,0.0002,5
1332,R,cohen.d,psych,2,0.0002,14
1333,R,collinearity,fixest,2,0.0002,2
1334,R,combine.levels,Hmisc,2,0.0002,2
1335,R,commarobust,estimatr,2,0.0002,13
1336,R,compareFits,nlme,2,0.0002,3
1337,R,compose,igraph,2,0.0002,2
1338,R,confusion.glmnet,glmnet,2,0.0002,4
1339,Python,consensus_score,sklearn.metrics,2,0.0003,14
1340,R,consolidate,Hmisc,2,0.0002,24
1341,Python,contingency_matrix,sklearn.metrics,2,0.0003,8
1342,R,contr.sdif,MASS,2,0.0002,6
1343,R,contract,igraph;memisc,2,0.0002,6
1344,R,convertIndex,xts,2,0.0002,2
1345,R,cooks.distance,stats,2,0.0002,5
1346,R,corr,boot,2,0.0002,3
1347,Python,cosine_distances,sklearn.metrics,2,0.0003,5
1348,R,cover,raster,2,0.0002,4
1349,R,cplot,margins,2,0.0002,4
1350,Python,crosstab,scipy.stats,2,0.0003,10
1351,R,cur_data,srvyr,2,0.0002,3
1352,Python,curve_fit,scipy.optimize,2,0.0003,35
1353,R,dataframeReduce,Hmisc,2,0.0002,2
1354,R,daylength,geosphere,2,0.0002,5
1355,R,degree,igraph;sna,2,0.0002,9
1356,Python,describe,scipy.stats,2,0.0003,9
1357,R,describeBy,psych,2,0.0002,5
1358,Python,det_curve,sklearn.metrics,2,0.0003,10
1359,R,diagN2U,Matrix,2,0.0002,5
1360,Python,differential_evolution,scipy.optimize,2,0.0003,25
1361,Python,dirichlet,numpy.random,2,0.0003,10
1362,R,distance,psych;raster,2,0.0002,2
1363,R,dotchartpl,Hmisc,2,0.0002,10
1364,R,drop.terms,stats,2,0.0002,2
1365,R,droplinks,spdep,2,0.0002,2
1366,R,dropterm,MASS,2,0.0002,6
1367,R,ellipse,car,2,0.0002,8
1368,R,emmeans,emmeans,2,0.0002,2
1369,R,endCluster,raster,2,0.0002,2
1370,R,esttable,fixest,2,0.0002,2
1371,R,extractlabs,Hmisc,2,0.0002,2
1372,Python,f_oneway,scipy.stats,2,0.0003,19
1373,Python,fbeta_score,sklearn.metrics,2,0.0003,23
1374,R,finegray,survival,2,0.0002,2
1375,Python,fixed_point,scipy.optimize,2,0.0003,9
1376,R,flip,raster,2,0.0002,3
1377,Python,fmin,scipy.optimize,2,0.0003,2
1378,Python,fmin_bfgs,scipy.optimize,2,0.0003,2
1379,Python,fmin_slsqp,scipy.optimize,2,0.0003,14
1380,R,format.df,Hmisc,2,0.0002,2
1381,R,fractions,MASS,2,0.0002,4
1382,Python,friedmanchisquare,scipy.stats,2,0.0003,8
1383,R,frq,sjmisc,2,0.0002,6
1384,R,fullmatch,optmatch,2,0.0002,2
1385,R,gbayesMixPost,Hmisc,2,0.0002,4
1386,R,gdal_inv_geotransform,sf,2,0.0002,2
1387,R,gdal_metadata,sf,2,0.0002,8
1388,R,get.adjacency,igraph,2,0.0002,2
1389,R,get.shortest.paths,igraph,2,0.0002,4
1390,R,getBSQData,raster,2,0.0002,4
1391,R,getBilData,raster,2,0.0002,2
1392,R,getBipData,raster,2,0.0002,2
1393,R,getFixest_dict,fixest,2,0.0002,5
1394,R,getGroups,nlme,2,0.0002,8
1395,R,getInitial,stats,2,0.0002,3
1396,R,get_PolypathRule,sp,2,0.0002,3
1397,R,get_ReplCRS_warn,sp,2,0.0002,2
1398,R,get_col_regions,sp,2,0.0002,4
1399,R,get_label,sjlabelled,2,0.0002,8
1400,R,ggcoxdiagnostics,survminer,2,0.0002,10
1401,R,ggpredict,ggeffects,2,0.0002,25
1402,R,glht,multcomp,2,0.0002,4
1403,R,glm.fit,stats,2,0.0002,6
1404,R,glmerControl,lme4,2,0.0002,7
1405,R,glmnet.measures,glmnet,2,0.0002,2
1406,Python,gmean,scipy.stats,2,0.0003,3
1407,R,grType,Hmisc,2,0.0002,2
1408,R,graph,igraph;sna,2,0.0002,2
1409,R,group_by_,srvyr,2,0.0002,2
1410,R,groupedData,nlme,2,0.0002,2
1411,R,hadamard,survey,2,0.0002,3
1412,R,hc,metafor,2,0.0002,11
1413,R,histSpike,Hmisc,2,0.0002,4
1414,R,histSpikeg,Hmisc,2,0.0002,14
1415,R,hlab,Hmisc,2,0.0002,8
1416,R,hlabs,Hmisc,2,0.0002,8
1417,R,hoeffd,Hmisc,2,0.0002,10
1418,R,hubers,MASS,2,0.0002,5
1419,Python,hypergeometric,numpy.random,2,0.0003,8
1420,R,icc,irr;psy,2,0.0002,5
1421,R,indexFormat,xts,2,0.0002,4
1422,R,interflex,interflex,2,0.0002,3
1423,Python,interval,scipy.stats,2,0.0003,6
1424,R,invPerm,Matrix,2,0.0002,9
1425,R,inverseFunction,Hmisc,2,0.0002,4
1426,R,iplot,fixest,2,0.0002,12
1427,Python,iqr,scipy.stats,2,0.0003,111
1428,R,irts,tseries,2,0.0002,2
1429,R,is.connected,igraph;sna,2,0.0002,2
1430,R,is.zoo,zoo,2,0.0002,7
1431,R,isOrdered,xts,2,0.0002,12
1432,Python,items,sklearn.metrics,2,0.0003,4
1433,Python,jaccard_score,sklearn.metrics,2,0.0003,31
1434,Python,kernel_metrics,sklearn.metrics,2,0.0003,2
1435,R,kmeans,stats,2,0.0002,3
1436,Python,kruskal,scipy.stats,2,0.0003,14
1437,Python,ks_1samp,scipy.stats,2,0.0003,4
1438,Python,kurtosistest,scipy.stats,2,0.0003,15
1439,R,labelPlotmath,Hmisc,2,0.0002,2
1440,R,largest.empty,Hmisc,2,0.0002,10
1441,Python,lars_path,sklearn.linear_model,2,0.0003,2
1442,R,latexTabular,Hmisc,2,0.0002,4
1443,R,latexTherm,Hmisc,2,0.0002,10
1444,R,lavTestLRT,lavaan,2,0.0002,30
1445,Python,least_squares,scipy.optimize,2,0.0003,60
1446,R,lee,spdep,2,0.0002,4
1447,R,lh_robust,estimatr,2,0.0002,8
1448,Python,line_search_wolfe1,scipy.optimize,2,0.0003,2
1449,Python,line_search_wolfe2,scipy.optimize,2,0.0003,3
1450,R,linkfun,VGAM,2,0.0002,5
1451,R,lm.fit.qr.bare,Hmisc,2,0.0002,10
1452,R,lm.morantest.exact,spdep,2,0.0002,6
1453,R,lm.morantest.sad,spdep,2,0.0002,6
1454,R,lmeControl,nlme,2,0.0002,7
1455,R,lmerControl,lme4,2,0.0002,8
1456,Python,lognorm,scipy.stats,2,0.0003,2
1457,Python,logseries,numpy.random,2,0.0003,2
1458,R,longlat.scales,sp,2,0.0002,4
1459,R,lrect,metafor,2,0.0002,2
1460,R,lrtest,VGAM;lmtest;mlogit;rms,2,0.0002,3
1461,R,lsegments,metafor,2,0.0002,9
1462,R,make.index.unique,xts,2,0.0002,12
1463,R,make.sym.nb,spdep,2,0.0002,2
1464,R,makeX,glmnet,2,0.0002,10
1465,Python,make_dataset,sklearn.linear_model,2,0.0003,5
1466,Python,make_strictly_feasible,scipy.optimize,2,0.0003,6
1467,R,matxv,Hmisc,2,0.0002,2
1468,R,mcmc,coda,2,0.0002,9
1469,R,mctrace,lfe,2,0.0002,4
1470,Python,mean_poisson_deviance,sklearn.metrics,2,0.0003,6
1471,R,medpolish,stats,2,0.0002,2
1472,R,mefp,strucchange,2,0.0002,5
1473,R,mi,brms,2,0.0002,2
1474,Python,minimize_scalar,scipy.optimize,2,0.0003,2
1475,R,minor.tick,Hmisc,2,0.0002,2
1476,R,mm,brms,2,0.0002,2
1477,R,model.tables,stats,2,0.0002,3
1478,R,monitor,rstan;strucchange,2,0.0002,6
1479,R,monotone,Hmisc,2,0.0002,6
1480,Python,multinomial,numpy.random,2,0.0003,8
1481,Python,nan_euclidean_distances,sklearn.metrics,2,0.0003,22
1482,R,naprint,stats,2,0.0002,2
1483,R,nearPD,Matrix,2,0.0002,9
1484,R,negative.binomial,MASS;lme4,2,0.0002,3
1485,Python,new_bounds_to_old,scipy.optimize,2,0.0003,8
1486,R,nls.control,stats,2,0.0002,2
1487,R,nnet,nnet,2,0.0002,10
1488,R,numericDeriv,stats,2,0.0002,2
1489,Python,obrientransform,scipy.stats,2,0.0003,7
1490,R,obs,fixest,2,0.0002,4
1491,R,outerText,Hmisc,2,0.0002,4
1492,R,panel.plsmo,Hmisc,2,0.0002,2
1493,R,parameterEstimates,lavaan,2,0.0002,10
1494,R,parnames,brms,2,0.0002,2
1495,R,pbinorm,VGAM,2,0.0002,43
1496,R,pdCompSymm,nlme,2,0.0002,2
1497,R,pdIdent,nlme,2,0.0002,8
1498,R,period.min,xts,2,0.0002,4
1499,R,period.prod,xts,2,0.0002,4
1500,R,period.sum,xts,2,0.0002,4
1501,R,permutations_to_condition_pr_mat,estimatr,2,0.0002,15
1502,R,plotcp,rpart,2,0.0002,6
1503,R,plotp,Hmisc,2,0.0002,20
1504,Python,pointbiserialr,scipy.stats,2,0.0003,4
1505,R,points2grid,sp,2,0.0002,2
1506,R,polar,psych,2,0.0002,3
1507,R,popower,Hmisc,2,0.0002,4
1508,R,power.t.test,stats,2,0.0002,4
1509,R,predict.glm,stats,2,0.0002,52
1510,R,predict.lm,stats,2,0.0002,11
1511,R,principal,psych,2,0.0002,6
1512,R,print.cv.glmnet,glmnet,2,0.0002,2
1513,R,printcp,rpart,2,0.0002,7
1514,R,prn,Hmisc,2,0.0002,2
1515,R,probmap,spdep,2,0.0002,2
1516,R,processMI,rms,2,0.0002,2
1517,Python,projections,scipy.optimize,2,0.0003,24
1518,R,prunemst,spdep,2,0.0002,4
1519,R,pvalue,coin;fixest,2,0.0002,7
1520,R,pwr.anova.test,pwr,2,0.0002,9
1521,R,pwr.f2.test,pwr,2,0.0002,40
1522,R,pwr.t2n.test,pwr,2,0.0002,30
1523,Python,randint,scipy.stats,2,0.0003,2
1524,Python,rayleigh,numpy.random,2,0.0003,3
1525,R,rcspline.plot,Hmisc,2,0.0002,2
1526,R,read.data,rjags,2,0.0002,6
1527,R,read.qualtrics,cjoint,2,0.0002,2
1528,R,reclassify,raster,2,0.0002,3
1529,R,recode,car;memisc,2,0.0002,343
1530,R,redun,Hmisc,2,0.0002,6
1531,R,relax.glmnet,glmnet,2,0.0002,2
1532,R,reporter,metafor,2,0.0002,2
1533,R,rlegend,Hmisc,2,0.0002,2
1534,R,rmvn,mgcv,2,0.0002,4
1535,R,robcov,rms,2,0.0002,126
1536,R,roc.glmnet,glmnet,2,0.0002,2
1537,Python,roc_curve,sklearn.metrics,2,0.0003,24
1538,R,rsparsematrix,Matrix,2,0.0002,5
1539,R,rstan_options,rstan,2,0.0002,2
1540,R,sasxport.get,Hmisc,2,0.0002,2
1541,R,se.contrast,stats,2,0.0002,3
1542,R,select_,srvyr,2,0.0002,2
1543,R,selfStart,stats,2,0.0002,3
1544,R,set.ZeroPolicyOption,spdep,2,0.0002,8
1545,R,set.cobalt.options,cobalt,2,0.0002,2
1546,R,setFixest_coefplot,fixest,2,0.0002,2
1547,R,set_prior,brms,2,0.0002,6
1548,R,sf_proj_info,sf,2,0.0002,9
1549,Python,shgo,scipy.optimize,2,0.0003,22
1550,R,signPerm,Matrix,2,0.0002,3
1551,R,simRegOrd,Hmisc,2,0.0002,10
1552,R,simplify,igraph,2,0.0002,8
1553,R,simulate.lme,nlme,2,0.0002,5
1554,Python,skewtest,scipy.stats,2,0.0003,13
1555,R,spDistsN1,sp,2,0.0002,2
1556,R,spPolygons,raster,2,0.0002,2
1557,R,splitfactor,cobalt,2,0.0002,4
1558,R,sppanel,sp,2,0.0002,12
1559,R,ssw,spdep,2,0.0002,7
1560,R,st_as_s2,sf,2,0.0002,6
1561,R,st_as_sfc.WKB,sf,2,0.0002,3
1562,R,st_collection_extract,sf,2,0.0002,21
1563,R,st_line_sample,sf,2,0.0002,4
1564,R,st_m_range,sf,2,0.0002,7
1565,R,st_minimum_bounding_circle,sf,2,0.0002,6
1566,R,st_nearest_points,sf,2,0.0002,7
1567,R,st_node,sf,2,0.0002,5
1568,R,st_normalize,sf,2,0.0002,5
1569,R,st_shift_longitude,sf,2,0.0002,6
1570,R,st_voronoi,sf,2,0.0002,6
1571,R,st_z_range,sf,2,0.0002,66
1572,R,stan,rstan,2,0.0002,5
1573,R,standardize,arm;mvtnorm,2,0.0002,8
1574,R,standardizedsolution,lavaan,2,0.0002,5
1575,R,starprep,estimatr,2,0.0002,18
1576,R,stat.desc,pastecs,2,0.0002,3
1577,R,stats,fields,2,0.0002,8
1578,R,stratifySurv,glmnet,2,0.0002,4
1579,R,studres,MASS,2,0.0002,7
1580,R,summarize_if,srvyr,2,0.0002,2
1581,R,summary.felm,lfe,2,0.0002,9
1582,R,summary.glm,stats,2,0.0002,4
1583,R,summaryD,Hmisc,2,0.0002,14
1584,R,summaryRc,Hmisc,2,0.0002,6
1585,R,t,Matrix;raster,2,0.0002,4647
1586,R,te,mgcv,2,0.0002,3
1587,R,test.modmed,mediation,2,0.0002,6
1588,Python,theilslopes,scipy.stats,2,0.0003,5
1589,R,threading,brms,2,0.0002,14
1590,R,timeBasedSeq,xts,2,0.0002,24
1591,R,tm_legend,tmap,2,0.0002,9
1592,R,tmap_options_diff,tmap,2,0.0002,2
1593,R,tmap_options_reset,tmap,2,0.0002,2
1594,R,tmap_style,tmap,2,0.0002,2
1595,R,tmpDir,raster,2,0.0002,7
1596,R,to.daily,xts,2,0.0002,2
1597,R,to.quarterly,xts,2,0.0002,4
1598,R,tree,igraph,2,0.0002,3
1599,Python,trimboth,scipy.stats,2,0.0003,10
1600,Python,trimmed_mean,scipy.stats,2,0.0003,4
1601,R,ts.union,stats,2,0.0002,2
1602,R,tsboot,boot,2,0.0002,9
1603,Python,ttest_1samp,scipy.stats,2,0.0003,34
1604,Python,ttest_ind,scipy.stats,2,0.0003,87
1605,Python,ttest_rel,scipy.stats,2,0.0003,27
1606,Python,uniform,scipy.stats,2,0.0003,5
1607,R,unsplitfactor,cobalt,2,0.0002,2
1608,R,var.test,stats,2,0.0002,4
1609,R,varWeights,nlme,2,0.0002,6
1610,Python,variation,scipy.stats,2,0.0003,9
1611,R,varvars,lfe,2,0.0002,3
1612,R,vlab,Hmisc,2,0.0002,12
1613,R,wald,fixest,2,0.0002,6
1614,R,wald.test,aod,2,0.0002,4
1615,R,waldtest.default,lmtest,2,0.0002,2
1616,R,which.is.max,nnet,2,0.0002,4
1617,R,write.zoo,zoo,2,0.0002,2
1618,R,wtd.cor,weights,2,0.0002,11
1619,R,wtd.t.test,weights,2,0.0002,2
1620,R,xYplot,Hmisc,2,0.0002,2
1621,R,ynbind,Hmisc,2,0.0002,4
1622,Python,zmap,scipy.stats,2,0.0003,11
1623,R,zonal,raster,2,0.0002,9
1624,Python,zscore,scipy.stats,2,0.0003,21
1625,R,.T2Cmat,Matrix,1,0.0001,1
1626,R,.degAxis,sf,1,0.0001,1
1627,R,.diag.dsC,Matrix,1,0.0001,4
1628,R,.diag2mat,Matrix,1,0.0001,1
1629,R,.dsy2dsp,Matrix,1,0.0001,1
1630,R,.dsy2mat,Matrix,1,0.0001,1
1631,R,.emm_register,emmeans,1,0.0001,1
1632,R,.formatSparseSimple,Matrix,1,0.0001,2
1633,R,.get_layout,sf,1,0.0001,1
1634,R,.image_scale,sf,1,0.0001,2
1635,R,.image_scale_factor,sf,1,0.0001,2
1636,R,.indexhour,xts,1,0.0001,2
1637,R,.m2dgC,Matrix,1,0.0001,1
1638,R,.my.vcov,emmeans,1,0.0001,1
1639,Python,ARIMA,statsmodels,1,0.0002,1
1640,R,AUC,DescTools;psych,1,0.0001,1
1641,R,Acf,forecast,1,0.0001,2
1642,Python,AdaptiveStepsize,scipy.optimize,1,0.0002,1
1643,Python,Anderson,scipy.optimize,1,0.0002,2
1644,Python,Binomial,statsmodels,1,0.0002,1
1645,Python,BroydenFirst,scipy.optimize,1,0.0002,3
1646,Python,BroydenSecond,scipy.optimize,1,0.0002,3
1647,Python,CL_scaling_vector,scipy.optimize,1,0.0002,1
1648,R,Closest,DescTools,1,0.0001,7
1649,R,Coef,VGAM,1,0.0001,35
1650,Python,Complex,scipy.optimize,1,0.0002,1
1651,Python,ConfusionMatrixDisplay,sklearn.metrics,1,0.0002,5
1652,Python,DifferentialEvolutionSolver,scipy.optimize,1,0.0002,48
1653,R,EBest,spdep,1,0.0001,1
1654,Python,ECDF,statsmodels,1,0.0002,1
1655,R,EQ,metafor,1,0.0001,3
1656,Python,EnergyState,scipy.optimize,1,0.0002,2
1657,Python,EpsilonInsensitive,sklearn.linear_model,1,0.0002,1
1658,R,FindIt,FindIt,1,0.0001,1
1659,Python,GammaRegressor,sklearn.linear_model,1,0.0002,2
1660,Python,GeneralizedLinearRegressor,sklearn.linear_model,1,0.0002,22
1661,R,GenzBretz,mvtnorm,1,0.0001,1
1662,R,GoodmanKruskalGamma,DescTools,1,0.0001,2
1663,R,HPDinterval,coda,1,0.0001,1
1664,Python,Hinge,sklearn.linear_model,1,0.0002,2
1665,Python,Huber,sklearn.linear_model,1,0.0002,1
1666,Python,HuberRegressor,sklearn.linear_model,1,0.0002,11
1667,R,IDvaluesGridTopology,sp,1,0.0001,1
1668,R,IDvaluesSpatialPixels,sp,1,0.0001,1
1669,Python,IdentityLink,sklearn.linear_model,1,0.0002,1
1670,Python,IdentityVectorFunction,scipy.optimize,1,0.0002,3
1671,Python,IterativeSubproblem,scipy.optimize,1,0.0002,7
1672,R,KMO,psych,1,0.0001,1
1673,Python,Ks_2sampResult,scipy.stats,1,0.0002,1
1674,Python,Lars,sklearn.linear_model,1,0.0002,1
1675,Python,LassoLars,sklearn.linear_model,1,0.0002,1
1676,Python,LassoLarsCV,sklearn.linear_model,1,0.0002,1
1677,Python,LatinHypercube,scipy.stats,1,0.0002,1
1678,R,LineLength,sp,1,0.0001,2
1679,Python,LinearVectorFunction,scipy.optimize,1,0.0002,7
1680,Python,Log,sklearn.linear_model,1,0.0002,1
1681,Python,LogLink,sklearn.linear_model,1,0.0002,1
1682,Python,MemoizeJac,scipy.optimize,1,0.0002,3
1683,Python,Metropolis,scipy.optimize,1,0.0002,2
1684,R,Miwa,mvtnorm,1,0.0001,1
1685,Python,ModifiedHuber,sklearn.linear_model,1,0.0002,1
1686,Python,MultiTaskElasticNetCV,sklearn.linear_model,1,0.0002,9
1687,Python,MultiTaskLasso,sklearn.linear_model,1,0.0002,4
1688,Python,MultiTaskLassoCV,sklearn.linear_model,1,0.0002,5
1689,Python,MultinomialQMC,scipy.stats,1,0.0002,8
1690,Python,MultivariateNormalQMC,scipy.stats,1,0.0002,33
1691,R,NLSstClosestX,stats,1,0.0001,3
1692,Python,NumericalInverseHermite,scipy.stats,1,0.0002,13
1693,Python,ObjectiveFunWrapper,scipy.optimize,1,0.0002,1
1694,Python,OrthogonalMatchingPursuitCV,sklearn.linear_model,1,0.0002,1
1695,R,Pacf,forecast,1,0.0001,1
1696,Python,PanelOLS,linearmodels,1,0.0002,3
1697,Python,PassiveAggressiveRegressor,sklearn.linear_model,1,0.0002,4
1698,Python,Philox,numpy.random,1,0.0002,1
1699,Python,PoissonRegressor,sklearn.linear_model,1,0.0002,2
1700,Python,PrecisionRecallDisplay,sklearn.metrics,1,0.0002,1
1701,Python,RANSACRegressor,sklearn.linear_model,1,0.0002,37
1702,Python,RandomDisplacement,scipy.optimize,1,0.0002,2
1703,R,Range,DescTools;memisc,1,0.0001,10
1704,R,Reshape,memisc,1,0.0001,1
1705,Python,RidgeClassifierCV,sklearn.linear_model,1,0.0002,9
1706,Python,RocCurveDisplay,sklearn.metrics,1,0.0002,1
1707,Python,RootResults,scipy.optimize,1,0.0002,2
1708,R,Rotation,spdep,1,0.0001,1
1709,R,RoundTo,DescTools,1,0.0001,2
1710,R,S,car,1,0.0001,8
1711,Python,SHGO,scipy.optimize,1,0.0002,2
1712,R,SSbiexp,stats,1,0.0001,2
1713,R,Schur,Matrix,1,0.0001,9
1714,Python,SeedlessSeedSequence,numpy.random,1,0.0002,1
1715,R,SpatialLinesLengths,sp,1,0.0001,1
1716,Python,SquaredEpsilonInsensitive,sklearn.linear_model,1,0.0002,1
1717,Python,SquaredHinge,sklearn.linear_model,1,0.0002,1
1718,Python,SquaredLoss,sklearn.linear_model,1,0.0002,1
1719,Python,Storage,scipy.optimize,1,0.0002,1
1720,Python,StrategyChain,scipy.optimize,1,0.0002,1
1721,R,T2graph,Matrix,1,0.0001,2
1722,R,TVPACK,mvtnorm,1,0.0001,1
1723,Python,TheilSenRegressor,sklearn.linear_model,1,0.0002,14
1724,R,Tps,fields,1,0.0001,4
1725,R,TukeyHSD,stats,1,0.0001,2
1726,Python,TweedieRegressor,sklearn.linear_model,1,0.0002,3
1727,Python,VectorFunction,scipy.optimize,1,0.0002,6
1728,Python,VisitingDistribution,scipy.optimize,1,0.0002,2
1729,R,Wald_test,clubSandwich,1,0.0001,2
1730,Python,_ConstraintWrapper,scipy.optimize,1,0.0002,5
1731,Python,_LPProblem,scipy.optimize,1,0.0002,33
1732,Python,_MultimetricScorer,sklearn.metrics,1,0.0002,4
1733,Python,_PSD,scipy.stats,1,0.0002,3
1734,Python,_RidgeGCV,sklearn.linear_model,1,0.0002,3
1735,Python,_X_CenterStackOp,sklearn.linear_model,1,0.0002,1
1736,Python,_adjust_scheme_to_bounds,scipy.optimize,1,0.0002,12
1737,Python,_argcheck,scipy.stats,1,0.0002,1
1738,Python,_argus_phi,scipy.stats,1,0.0002,1
1739,Python,_average_binary_score,sklearn.metrics,1,0.0002,1
1740,Python,_beta_cdf,scipy.stats,1,0.0002,1
1741,Python,_beta_isf,scipy.stats,1,0.0002,1
1742,Python,_beta_kurtosis_excess,scipy.stats,1,0.0002,1
1743,Python,_beta_mean,scipy.stats,1,0.0002,1
1744,Python,_beta_pdf,scipy.stats,1,0.0002,1
1745,Python,_beta_ppf,scipy.stats,1,0.0002,1
1746,Python,_beta_sf,scipy.stats,1,0.0002,1
1747,Python,_beta_skewness,scipy.stats,1,0.0002,1
1748,Python,_beta_variance,scipy.stats,1,0.0002,1
1749,Python,_binary_search_for_binom_tst,scipy.stats,1,0.0002,2
1750,Python,_binom_cdf,scipy.stats,1,0.0002,1
1751,Python,_binom_isf,scipy.stats,1,0.0002,1
1752,Python,_binom_kurtosis_excess,scipy.stats,1,0.0002,1
1753,Python,_binom_mean,scipy.stats,1,0.0002,1
1754,Python,_binom_pdf,scipy.stats,1,0.0002,1
1755,Python,_binom_ppf,scipy.stats,1,0.0002,1
1756,Python,_binom_sf,scipy.stats,1,0.0002,1
1757,Python,_binom_skewness,scipy.stats,1,0.0002,1
1758,Python,_binom_variance,scipy.stats,1,0.0002,1
1759,Python,_breakdown_point,sklearn.linear_model,1,0.0002,1
1760,Python,_calc_t_stat,scipy.stats,1,0.0002,1
1761,Python,_categorize,scipy.stats,1,0.0002,1
1762,Python,_cdf,scipy.stats,1,0.0002,1
1763,Python,_cdf_cvm,scipy.stats,1,0.0002,11
1764,Python,_cdfvec,scipy.stats,1,0.0002,1
1765,Python,_check_gcv_mode,sklearn.linear_model,1,0.0002,3
1766,Python,_check_multimetric_scoring,sklearn.metrics,1,0.0002,6
1767,Python,_check_reg_targets,sklearn.metrics,1,0.0002,3
1768,Python,_check_targets,sklearn.metrics,1,0.0002,7
1769,Python,_check_unknown_options,scipy.optimize,1,0.0002,1
1770,Python,_cho_inv_batch,scipy.stats,1,0.0002,1
1771,Python,_clean_inputs,scipy.optimize,1,0.0002,19
1772,Python,_compute_absolute_step,scipy.optimize,1,0.0002,1
1773,Python,_compute_prob_inside_method,scipy.stats,1,0.0002,1
1774,Python,_contains_nan,scipy.stats,1,0.0002,1
1775,Python,_count_paths_outside_method,scipy.stats,1,0.0002,1
1776,Python,_cscramble,scipy.stats,1,0.0002,1
1777,Python,_cy_wrapper_update_discrepancy,scipy.stats,1,0.0002,1
1778,Python,_data_partitions,scipy.stats,1,0.0002,1
1779,Python,_dcg_sample_scores,sklearn.metrics,1,0.0002,13
1780,Python,_draw,scipy.stats,1,0.0002,2
1781,Python,_dynamic_max_trials,sklearn.linear_model,1,0.0002,12
1782,Python,_eps_for_method,scipy.optimize,1,0.0002,5
1783,Python,_euclidean_distances_upcast,sklearn.metrics,1,0.0002,2
1784,Python,_fast_forward,scipy.stats,1,0.0002,2
1785,Python,_fill_p_cumulative,scipy.stats,1,0.0002,1
1786,Python,_fitstart,scipy.stats,1,0.0002,8
1787,Python,_generalized_average,sklearn.metrics,1,0.0002,2
1788,Python,_get_support,scipy.stats,1,0.0002,4
1789,Python,_huber_loss_and_gradient,sklearn.linear_model,1,0.0002,2
1790,Python,_jaccard,sklearn.metrics,1,0.0002,4
1791,Python,_kendall_p_exact,scipy.stats,1,0.0002,2
1792,Python,_lars_path_residues,sklearn.linear_model,1,0.0002,1
1793,Python,_lmder,scipy.optimize,1,0.0002,1
1794,Python,_lmdif,scipy.optimize,1,0.0002,1
1795,Python,_lnB,scipy.stats,1,0.0002,1
1796,Python,_log_reg_scoring_path,sklearn.linear_model,1,0.0002,1
1797,Python,_logistic_grad_hess,sklearn.linear_model,1,0.0002,4
1798,Python,_logistic_loss,sklearn.linear_model,1,0.0002,3
1799,Python,_logistic_loss_and_grad,sklearn.linear_model,1,0.0002,7
1800,Python,_logistic_regression_path,sklearn.linear_model,1,0.0002,2
1801,Python,_modified_weiszfeld_step,sklearn.linear_model,1,0.0002,7
1802,Python,_multinomial_grad_hess,sklearn.linear_model,1,0.0002,2
1803,Python,_multinomial_grad_loss_all_samples,sklearn.linear_model,1,0.0002,1
1804,Python,_multinomial_loss_grad,sklearn.linear_model,1,0.0002,2
1805,Python,_munp,scipy.stats,1,0.0002,15
1806,Python,_nbinom_cdf,scipy.stats,1,0.0002,1
1807,Python,_nbinom_isf,scipy.stats,1,0.0002,1
1808,Python,_nbinom_kurtosis_excess,scipy.stats,1,0.0002,1
1809,Python,_nbinom_mean,scipy.stats,1,0.0002,1
1810,Python,_nbinom_pdf,scipy.stats,1,0.0002,1
1811,Python,_nbinom_ppf,scipy.stats,1,0.0002,1
1812,Python,_nbinom_sf,scipy.stats,1,0.0002,1
1813,Python,_nbinom_skewness,scipy.stats,1,0.0002,1
1814,Python,_nbinom_variance,scipy.stats,1,0.0002,1
1815,Python,_ndcg_sample_scores,sklearn.metrics,1,0.0002,4
1816,Python,_pdf,scipy.stats,1,0.0002,5
1817,Python,_ppf,scipy.stats,1,0.0002,1
1818,Python,_preprocess_data,sklearn.linear_model,1,0.0002,17
1819,Python,_pval_cvm_2samp_exact,scipy.stats,1,0.0002,1
1820,Python,_reduce_func,scipy.stats,1,0.0002,4
1821,Python,_rescale_data,sklearn.linear_model,1,0.0002,1
1822,Python,_score,scipy.optimize,1,0.0002,2
1823,Python,_set_order,sklearn.linear_model,1,0.0002,2
1824,Python,_solve_cholesky,sklearn.linear_model,1,0.0002,1
1825,Python,_solve_cholesky_kernel,sklearn.linear_model,1,0.0002,1
1826,Python,_spatial_median,sklearn.linear_model,1,0.0002,3
1827,Python,_test_find_index,scipy.stats,1,0.0002,5
1828,Python,_to_corr,scipy.stats,1,0.0002,5
1829,R,add.vertex.shape,igraph,1,0.0001,1
1830,R,addHeader,raster,1,0.0001,1
1831,R,addLegend,fields;xts,1,0.0001,5
1832,R,addPolygon,xts,1,0.0001,1
1833,R,add_columns,sjmisc,1,0.0001,1
1834,R,add_s.weights,MatchIt,1,0.0001,1
1835,Python,additive_chi2_kernel,sklearn.metrics,1,0.0002,2
1836,R,adjacent.triangles,igraph,1,0.0001,8
1837,Python,adjusted_mutual_info_score,sklearn.metrics,1,0.0002,5
1838,Python,alexandergovern,scipy.stats,1,0.0002,17
1839,R,alongTrackDistance,geosphere,1,0.0001,1
1840,R,ameliabind,Amelia,1,0.0001,1
1841,Python,anderson,scipy.optimize,1,0.0002,1
1842,R,antipodal,geosphere,1,0.0001,1
1843,R,antipode,geosphere,1,0.0001,1
1844,R,any_vars,srvyr,1,0.0001,1
1845,R,areaSpatialGrid,sp,1,0.0001,2
1846,Python,argsreduce,scipy.stats,1,0.0002,3
1847,Python,argus,scipy.stats,1,0.0002,3
1848,R,articulation.points,igraph,1,0.0001,1
1849,R,as.array.Matrix,Matrix,1,0.0001,1
1850,R,as.array.SpatialGridDataFrame,sp,1,0.0001,1
1851,R,as.character.DMS,sp,1,0.0001,1
1852,R,as.data.frame.GridTopology,sp,1,0.0001,1
1853,R,as.data.frame.SpatialGrid,sp,1,0.0001,1
1854,R,as.data.frame.SpatialGridDataFrame,sp,1,0.0001,1
1855,R,as.data.frame.SpatialLinesDataFrame,sp,1,0.0001,1
1856,R,as.data.frame.SpatialMultiPointsDataFrame,sp,1,0.0001,1
1857,R,as.data.frame.SpatialPixels,sp,1,0.0001,1
1858,R,as.data.frame.SpatialPixelsDataFrame,sp,1,0.0001,1
1859,R,as.data.frame.SpatialPointsDataFrame,sp,1,0.0001,1
1860,R,as.data.frame.SpatialPolygonsDataFrame,sp,1,0.0001,1
1861,R,as.double.DMS,sp,1,0.0001,1
1862,R,as.matrix.Matrix,Matrix,1,0.0001,1
1863,R,as.matrix.SpatialGridDataFrame,sp,1,0.0001,1
1864,R,as.matrix.SpatialPixelsDataFrame,sp,1,0.0001,1
1865,R,as.numeric.DMS,sp,1,0.0001,1
1866,R,as.ordered,memisc,1,0.0001,1
1867,R,asTable,nlme,1,0.0001,1
1868,R,asUniqueT,Matrix,1,0.0001,1
1869,R,as_label,sjlabelled,1,0.0001,4
1870,Python,association,scipy.stats,1,0.0002,1
1871,R,autocorr.plot,coda,1,0.0001,2
1872,R,average_treatment_effect,grf,1,0.0001,18
1873,R,avg_comparisons,marginaleffects,1,0.0001,1
1874,R,balance,CBPS;arm,1,0.0001,1
1875,R,balancedGrouped,nlme,1,0.0001,1
1876,Python,balanced_accuracy_score,sklearn.metrics,1,0.0002,3
1877,R,bandSparse,Matrix,1,0.0001,1
1878,Python,barnard_exact,scipy.stats,1,0.0002,9
1879,R,batchSE,coda,1,0.0001,2
1880,R,bearing,geosphere,1,0.0001,4
1881,R,bearingRhumb,geosphere,1,0.0001,1
1882,R,beginCluster,raster,1,0.0001,1
1883,R,bernoulli,brms,1,0.0001,1
1884,Python,betabinom,scipy.stats,1,0.0002,2
1885,Python,betaprime,scipy.stats,1,0.0002,1
1886,R,big_mark,sjmisc,1,0.0001,1
1887,Python,binned_statistic,scipy.stats,1,0.0002,29
1888,Python,binned_statistic_2d,scipy.stats,1,0.0002,20
1889,Python,binned_statistic_dd,scipy.stats,1,0.0002,25
1890,Python,binom_test,scipy.stats,1,0.0002,6
1891,R,biplot,VGAM;stats,1,0.0001,1
1892,R,blocks,igraph,1,0.0001,1
1893,R,bootMer,lme4,1,0.0001,1
1894,Python,bootstrap,scipy.stats,1,0.0002,28
1895,Python,boschloo_exact,scipy.stats,1,0.0002,8
1896,Python,box_intersections,scipy.optimize,1,0.0002,28
1897,Python,box_sphere_intersections,scipy.optimize,1,0.0002,12
1898,R,boxcox,MASS,1,0.0001,3
1899,R,brglm.control,brglm,1,0.0001,1
1900,Python,broyden1,scipy.optimize,1,0.0002,1
1901,Python,broyden2,scipy.optimize,1,0.0002,1
1902,Python,brute,scipy.optimize,1,0.0002,3
1903,R,btrap,lfe,1,0.0001,2
1904,Python,build_quadratic_1d,scipy.optimize,1,0.0002,5
1905,Python,burr,scipy.stats,1,0.0002,3
1906,R,bwNeweyWest,sandwich,1,0.0001,1
1907,Python,bytes,numpy.random,1,0.0002,1
1908,Python,calinski_harabasz_score,sklearn.metrics,1,0.0002,3
1909,R,cancor,stats,1,0.0001,1
1910,R,ccf,stats,1,0.0001,1
1911,R,ccodes,raster,1,0.0001,3
1912,R,cdf,VGAM,1,0.0001,2
1913,Python,check_clusterings,sklearn.metrics,1,0.0002,1
1914,Python,check_derivative,scipy.optimize,1,0.0002,6
1915,Python,check_paired_arrays,sklearn.metrics,1,0.0002,2
1916,Python,check_pairwise_arrays,sklearn.metrics,1,0.0002,12
1917,Python,chi2_contingency,scipy.stats,1,0.0002,8
1918,R,class.ind,nnet,1,0.0001,4
1919,Python,classification_report,sklearn.metrics,1,0.0002,13
1920,R,click,raster,1,0.0001,2
1921,R,clusterR,raster,1,0.0001,1
1922,R,cmdscale,stats,1,0.0001,1
1923,R,coefTable,MuMIn,1,0.0001,2
1924,R,coefci.default,lmtest,1,0.0001,3
1925,R,coeftest.default,lmtest,1,0.0001,3
1926,R,coerce,Matrix;memisc;sp;spdep,1,0.0001,1
1927,Python,cohen_kappa_score,sklearn.metrics,1,0.0002,8
1928,R,collapse_by_group,ggeffects,1,0.0001,2
1929,R,color_scheme_set,bayesplot,1,0.0001,1
1930,Python,combine_pvalues,scipy.stats,1,0.0002,11
1931,R,comparePred,nlme,1,0.0001,1
1932,Python,compare_medians_ms,scipy.stats,1,0.0002,2
1933,R,complete_cases,sjmisc,1,0.0001,1
1934,R,completer,Hmisc,1,0.0001,1
1935,Python,concatenate,scipy.optimize,1,0.0002,1
1936,R,conditional_effects,brms,1,0.0001,1
1937,R,contr.SAS,stats,1,0.0001,2
1938,R,contr.helmert,stats,1,0.0001,1
1939,R,contr.sum,memisc;stats,1,0.0001,1
1940,R,contr.treatment,memisc;stats,1,0.0001,1
1941,R,contrast,emmeans;rms,1,0.0001,2
1942,R,convergence,mice;ordinal,1,0.0001,4
1943,R,convex.hull,igraph,1,0.0001,1
1944,R,convolve,stats,1,0.0001,1
1945,R,copy_labels,sjlabelled,1,0.0001,1
1946,R,corARMA,nlme,1,0.0001,4
1947,R,corExp,nlme,1,0.0001,5
1948,R,corFactor,nlme,1,0.0001,1
1949,R,corGaus,nlme,1,0.0001,1
1950,R,corLin,nlme,1,0.0001,1
1951,R,corRatio,nlme,1,0.0001,2
1952,R,corSpher,nlme,1,0.0001,2
1953,R,corr.test,psych,1,0.0001,16
1954,R,corresp,MASS,1,0.0001,4
1955,R,cortest.bartlett,psych,1,0.0001,1
1956,Python,cov,scipy.stats,1,0.0002,12
1957,R,cov.mcd,MASS,1,0.0001,1
1958,R,cov.trob,MASS,1,0.0001,1
1959,Python,coverage_error,sklearn.metrics,1,0.0002,43
1960,R,cpgram,stats,1,0.0001,9
1961,Python,cramervonmises,scipy.stats,1,0.0002,8
1962,Python,cramervonmises_2samp,scipy.stats,1,0.0002,18
1963,R,createFolds,caret,1,0.0001,1
1964,R,cronbach.alpha,ltm,1,0.0001,1
1965,R,crosstab,raster,1,0.0001,1
1966,Python,crystalball,scipy.stats,1,0.0002,1
1967,Python,cumfreq,scipy.stats,1,0.0002,3
1968,R,cumulative,VGAM;brms,1,0.0001,7
1969,R,cv,survey,1,0.0001,2
1970,Python,davies_bouldin_score,sklearn.metrics,1,0.0002,5
1971,R,dbDataType,sf,1,0.0001,2
1972,Python,dcg_score,sklearn.metrics,1,0.0002,2
1973,Python,dcsrch,scipy.optimize,1,0.0002,1
1974,R,ddirichlet,MCMCpack;brms,1,0.0001,1
1975,R,decompose.graph,igraph,1,0.0001,1
1976,R,degAxis,sp,1,0.0001,2
1977,R,degrees_freedom,fixest,1,0.0001,4
1978,R,delete.edges,igraph;network,1,0.0001,1
1979,R,delete.vertices,igraph;network,1,0.0001,4
1980,R,deltat,stats,1,0.0001,2
1981,R,depracatedWarnings,raster,1,0.0001,1
1982,R,deratify,raster,1,0.0001,1
1983,R,descr,sjmisc,1,0.0001,1
1984,R,destPoint,geosphere,1,0.0001,6
1985,R,destPointRhumb,geosphere,1,0.0001,1
1986,R,dfun,metafor;sna,1,0.0001,2
1987,Python,diagbroyden,scipy.optimize,1,0.0002,1
1988,Python,differential_entropy,scipy.stats,1,0.0002,18
1989,R,diffinv,stats,1,0.0001,1
1990,Python,dirichlet,scipy.stats,1,0.0002,6
1991,Python,discrepancy,scipy.stats,1,0.0002,20
1992,R,dist2Line,geosphere,1,0.0001,1
1993,R,dist2gc,geosphere,1,0.0001,1
1994,R,distCosine,geosphere,1,0.0001,4
1995,R,distRhumb,geosphere,1,0.0001,1
1996,R,distVincentyEllipsoid,geosphere,1,0.0001,1
1997,R,distVincentySphere,geosphere,1,0.0001,1
1998,R,distanceFromPoints,raster,1,0.0001,5
1999,Python,dlaplace,scipy.stats,1,0.0002,3
2000,R,dnorm2,VGAM,1,0.0001,1
2001,R,dose.p,MASS,1,0.0001,2
2002,R,drapecolor,raster,1,0.0001,1
2003,R,drawPoly,raster,1,0.0001,2
2004,R,drop1,stats,1,0.0001,1
2005,Python,dual_annealing,scipy.optimize,1,0.0002,22
2006,R,dummy.coef,stats,1,0.0001,1
2007,R,edges,igraph;sna,1,0.0001,1
2008,R,eff_size,emmeans,1,0.0001,1
2009,Python,empty,scipy.optimize,1,0.0002,1
2010,Python,energy_distance,scipy.stats,1,0.0002,16
2011,Python,entropy,sklearn.metrics,1,0.0002,4
2012,Python,epps_singleton_2samp,scipy.stats,1,0.0002,6
2013,Python,eqp_kktfact,scipy.optimize,1,0.0002,3
2014,R,erf,VGAM,1,0.0001,4
2015,R,erfc,VGAM,1,0.0001,1
2016,Python,estimate_smallest_singular_value,scipy.optimize,1,0.0002,1
2017,Python,evaluate_quadratic,scipy.optimize,1,0.0002,4
2018,Python,excitingmixing,scipy.optimize,1,0.0002,1
2019,Python,expect,scipy.stats,1,0.0002,28
2020,R,expectation,coin,1,0.0001,1
2021,Python,expected_freq,scipy.stats,1,0.0002,3
2022,Python,expected_mutual_information,sklearn.metrics,1,0.0002,2
2023,R,expint,VGAM,1,0.0001,2
2024,Python,explained_variance_score,sklearn.metrics,1,0.0002,7
2025,Python,expon,scipy.stats,1,0.0002,2
2026,R,extract_draws,brms,1,0.0001,1
2027,R,extralines_register,fixest,1,0.0001,7
2028,Python,f,numpy.random,1,0.0002,1
2029,R,fa.diagram,psych,1,0.0001,1
2030,R,fac2Sparse,Matrix,1,0.0001,1
2031,R,fac2sparse,Matrix,1,0.0001,2
2032,R,facet_text,bayesplot,1,0.0001,1
2033,R,factanal,stats,1,0.0001,1
2034,R,feglm.fit,fixest,1,0.0001,3
2035,R,filter_all,srvyr,1,0.0001,1
2036,R,finalBearing,geosphere,1,0.0001,1
2037,Python,find_active_constraints,scipy.optimize,1,0.0002,8
2038,Python,find_repeats,scipy.stats,1,0.0002,2
2039,Python,fisher_exact,scipy.stats,1,0.0002,7
2040,Python,fit,scipy.stats,1,0.0002,66
2041,R,fitmeasures,lavaan,1,0.0001,15
2042,R,fivenum,stats,1,0.0001,1
2043,R,fixed.effects,nlme,1,0.0001,1
2044,R,fixedse,lfe,1,0.0001,2
2045,Python,fmin_cobyla,scipy.optimize,1,0.0002,3
2046,Python,fmin_ncg,scipy.optimize,1,0.0002,1
2047,Python,foldnorm,scipy.stats,1,0.0002,1
2048,R,formatSpMatrix,Matrix,1,0.0001,2
2049,R,formatSparseM,Matrix,1,0.0001,1
2050,R,fourCellsFromXY,raster,1,0.0001,1
2051,Python,fowlkes_mallows_score,sklearn.metrics,1,0.0002,8
2052,Python,from_PreparedConstraint,scipy.optimize,1,0.0002,7
2053,Python,from_formula,linearmodels,1,0.0002,15
2054,R,fs.boundary,mgcv,1,0.0001,1
2055,R,fs.test,mgcv,1,0.0001,2
2056,Python,full_output_example,scipy.optimize,1,0.0002,1
2057,R,funnel,metafor,1,0.0001,1
2058,R,fviz_pca_var,factoextra,1,0.0001,1
2059,Python,gamma,scipy.stats,1,0.0002,2
2060,Python,gamma,numpy.random,1,0.0002,2
2061,Python,gamma_gen,scipy.stats,1,0.0002,1
2062,Python,gammaln,scipy.stats,1,0.0002,2
2063,R,gapply,nlme;sna,1,0.0001,3
2064,R,gcIntermediate,geosphere,1,0.0001,5
2065,R,gcIntersect,geosphere,1,0.0001,1
2066,R,gcIntersectBearing,geosphere,1,0.0001,2
2067,R,gcLat,geosphere,1,0.0001,2
2068,R,gcLon,geosphere,1,0.0001,1
2069,R,gcMaxLat,geosphere,1,0.0001,1
2070,R,gdal_crs,sf,1,0.0001,1
2071,R,gdal_read,sf,1,0.0001,1
2072,R,gdal_subdatasets,sf,1,0.0001,2
2073,R,gdal_utils,sf,1,0.0001,9
2074,R,gdal_write,sf,1,0.0001,3
2075,R,geary,spdep,1,0.0001,4
2076,Python,genhyperbolic,scipy.stats,1,0.0002,8
2077,Python,geninvgauss,scipy.stats,1,0.0002,6
2078,Python,genpareto,scipy.stats,1,0.0002,9
2079,Python,geom,scipy.stats,1,0.0002,1
2080,Python,geometric,numpy.random,1,0.0002,1
2081,R,getCols,raster,1,0.0001,2
2082,R,getCovariate,nlme,1,0.0001,6
2083,R,getGroupsFormula,nlme,1,0.0001,1
2084,R,getResponseFormula,nlme,1,0.0001,1
2085,R,getVarCov,nlme,1,0.0001,4
2086,Python,get_auto_step_size,sklearn.linear_model,1,0.0002,2
2087,R,get_coef,marginaleffects,1,0.0001,2
2088,R,get_covariate_balance,PanelMatch,1,0.0001,9
2089,R,get_key_pos,sf,1,0.0001,1
2090,R,get_labels,sjlabelled,1,0.0001,9
2091,R,get_matches,MatchIt,1,0.0001,1
2092,R,get_na,sjlabelled,1,0.0001,7
2093,R,get_pums,tidycensus,1,0.0001,1
2094,Python,get_rdataset,statsmodels,1,0.0002,1
2095,Python,get_state,numpy.random,1,0.0002,1
2096,Python,get_tests,scipy.optimize,1,0.0002,1
2097,R,get_title,ggeffects,1,0.0001,2
2098,Python,get_trlib_quadratic_subproblem,scipy.optimize,1,0.0002,2
2099,R,get_values,sjlabelled,1,0.0001,2
2100,R,get_x,rstanarm,1,0.0001,3
2101,R,getoff,raster,1,0.0001,9
2102,R,ggcoxzph,survminer,1,0.0001,1
2103,R,ggdid,did,1,0.0001,5
2104,R,ggsurvplot,survminer,1,0.0001,1
2105,Python,glm,statsmodels,1,0.0002,1
2106,R,glm.convert,MASS,1,0.0001,1
2107,R,glmer.nb,lme4,1,0.0001,2
2108,R,glsControl,nlme,1,0.0001,2
2109,R,gnlsControl,nlme,1,0.0001,1
2110,R,go,arm,1,0.0001,1
2111,R,grangertest,lmtest,1,0.0001,1
2112,R,graph.neighborhood,igraph,1,0.0001,1
2113,R,graph2T,Matrix,1,0.0001,1
2114,R,graph_from_adj_list,igraph,1,0.0001,1
2115,R,graph_from_adjacency_matrix,igraph,1,0.0001,2
2116,R,greatCircle,geosphere,1,0.0001,2
2117,R,greatCircleBearing,geosphere,1,0.0001,4
2118,R,gridat,sp,1,0.0001,2
2119,R,groups,igraph;srvyr,1,0.0001,1
2120,Python,gstd,scipy.stats,1,0.0002,15
2121,R,gsummary,nlme,1,0.0001,9
2122,Python,gumbel,numpy.random,1,0.0002,2
2123,Python,hamming_loss,sklearn.metrics,1,0.0002,11
2124,Python,haversine_distances,sklearn.metrics,1,0.0002,4
2125,Python,hdmedian,scipy.stats,1,0.0002,5
2126,Python,hdquantiles,scipy.stats,1,0.0002,8
2127,Python,hdquantiles_sd,scipy.stats,1,0.0002,2
2128,R,hillShade,raster,1,0.0001,1
2129,Python,hinge_loss,sklearn.metrics,1,0.0002,7
2130,Python,hmean,scipy.stats,1,0.0002,4
2131,Python,homogeneity_completeness_v_measure,sklearn.metrics,1,0.0002,6
2132,R,huber,MASS,1,0.0001,1
2133,Python,hypergeom,scipy.stats,1,0.0002,3
2134,Python,idealfourths,scipy.stats,1,0.0002,4
2135,R,image.plot,fields,1,0.0001,8
2136,R,inSide,mgcv,1,0.0001,1
2137,R,include.self,spdep,1,0.0001,2
2138,R,index2char,zoo,1,0.0001,7
2139,R,induced.subgraph,igraph,1,0.0001,1
2140,R,iniToList,raster,1,0.0001,1
2141,Python,initial_constraints_as_canonical,scipy.optimize,1,0.0002,2
2142,Python,initialize_direction_numbers,scipy.stats,1,0.0002,1
2143,Python,initialize_v,scipy.stats,1,0.0002,1
2144,R,interaction.plot,stats,1,0.0001,1
2145,R,interpolate,e1071;raster,1,0.0001,1
2146,Python,intersect_trust_region,scipy.optimize,1,0.0002,3
2147,R,invMillsRatio,sampleSelection,1,0.0001,1
2148,Python,invgamma,scipy.stats,1,0.0002,1
2149,Python,invgauss,scipy.stats,1,0.0002,2
2150,Python,invwishart,scipy.stats,1,0.0002,3
2151,R,is.discrete,Hmisc;network,1,0.0001,6
2152,R,is.empty.model,stats,1,0.0001,1
2153,R,is.missing,memisc,1,0.0001,6
2154,R,is.named,igraph,1,0.0001,1
2155,R,is.pbalanced,plm,1,0.0001,2
2156,R,is.stepfun,stats,1,0.0001,1
2157,R,is_na,naniar,1,0.0001,5
2158,R,is_nested,sjmisc,1,0.0001,1
2159,Python,isf,scipy.stats,1,0.0002,29
2160,R,isoMDS,MASS,1,0.0001,3
2161,R,isoreg,stats,1,0.0001,1
2162,Python,itemfreq,scipy.stats,1,0.0002,3
2163,R,ivreg.fit,AER,1,0.0001,1
2164,Python,jarque_bera,scipy.stats,1,0.0002,27
2165,R,kappa2,irr,1,0.0001,3
2166,Python,kappa4,scipy.stats,1,0.0002,1
2167,Python,kendalltau_seasonal,scipy.stats,1,0.0002,1
2168,Python,keys,sklearn.metrics,1,0.0002,1
2169,Python,keys,scipy.optimize,1,0.0002,1
2170,R,knn,igraph,1,0.0001,4
2171,R,knots,stats,1,0.0001,1
2172,Python,kolmogn,scipy.stats,1,0.0002,3
2173,Python,label_ranking_average_precision_score,sklearn.metrics,1,0.0002,3
2174,Python,label_ranking_loss,sklearn.metrics,1,0.0002,34
2175,Python,laplace,numpy.random,1,0.0002,2
2176,Python,laplacian_kernel,sklearn.metrics,1,0.0002,1
2177,Python,lasso_path,sklearn.linear_model,1,0.0002,1
2178,R,lavPredict,lavaan,1,0.0001,1
2179,R,layout.auto,igraph,1,0.0001,3
2180,R,layout.fruchterman.reingold,igraph,1,0.0001,1
2181,R,layout.kamada.kawai,igraph,1,0.0001,1
2182,R,layout_in_circle,igraph,1,0.0001,1
2183,R,lda,MASS,1,0.0001,9
2184,R,lead,plm,1,0.0001,938
2185,Python,least_squares,scipy.stats,1,0.0002,1
2186,Python,leastsq,scipy.optimize,1,0.0002,6
2187,R,leftColFromX,raster,1,0.0001,1
2188,Python,left_multiplied_operator,scipy.optimize,1,0.0002,1
2189,R,levene.test,car,1,0.0001,8
2190,Python,line_search_armijo,scipy.optimize,1,0.0002,1
2191,R,linearHypothesis.default,car,1,0.0001,1
2192,Python,linear_kernel,sklearn.metrics,1,0.0002,1
2193,Python,linearmixing,scipy.optimize,1,0.0002,1
2194,Python,linprog,scipy.optimize,1,0.0002,116
2195,R,lm.influence,stats,1,0.0001,2
2196,R,loadMeuse,sp,1,0.0001,1
2197,R,loadings,stats,1,0.0001,4
2198,R,logfun,raster,1,0.0001,3
2199,R,logistic,VGAM;psych,1,0.0001,2
2200,Python,logistic,numpy.random,1,0.0002,1
2201,R,logit,arm;boot;car;psych;rstanarm,1,0.0001,2
2202,Python,logit,statsmodels,1,0.0002,13
2203,R,loglm,MASS,1,0.0001,1
2204,Python,logser,scipy.stats,1,0.0002,1
2205,Python,logsf,scipy.stats,1,0.0002,17
2206,R,logtrans,MASS,1,0.0001,1
2207,Python,loguniform,scipy.stats,1,0.0002,1
2208,R,loo_compare,brms;rstanarm,1,0.0001,1
2209,Python,loop_example,scipy.optimize,1,0.0002,4
2210,Python,lower,scipy.stats,1,0.0002,2
2211,R,lpolygon,metafor,1,0.0001,1
2212,Python,lsq_linear,scipy.optimize,1,0.0002,21
2213,R,ma,brms;forecast,1,0.0001,10
2214,R,make.formula,survey,1,0.0001,4
2215,R,make.par.list,zoo,1,0.0001,8
2216,R,makeDesign,cjoint,1,0.0001,1
2217,R,makeLine,geosphere,1,0.0001,1
2218,R,makePoly,geosphere,1,0.0001,2
2219,Python,manhattan_distances,sklearn.metrics,1,0.0002,2
2220,R,marginal_effects,brms;margins,1,0.0001,2
2221,Python,margins,scipy.stats,1,0.0002,4
2222,R,matched,optmatch,1,0.0001,2
2223,Python,matrix_normal,scipy.stats,1,0.0002,17
2224,Python,matthews_corrcoef,sklearn.metrics,1,0.0002,19
2225,Python,max_error,sklearn.metrics,1,0.0002,2
2226,R,mca,MASS,1,0.0001,1
2227,R,mcmc_intervals,bayesplot,1,0.0001,8
2228,R,mcmc_trace,bayesplot,1,0.0001,1
2229,R,mcp,multcomp,1,0.0001,3
2230,Python,mean_absolute_error,sklearn.metrics,1,0.0002,6
2231,Python,mean_absolute_percentage_error,sklearn.metrics,1,0.0002,6
2232,Python,mean_squared_log_error,sklearn.metrics,1,0.0002,8
2233,Python,mean_tweedie_deviance,sklearn.metrics,1,0.0002,25
2234,R,meatCL,sandwich,1,0.0001,1
2235,R,meatHAC,sandwich,1,0.0001,1
2236,R,meatHC,sandwich,1,0.0001,1
2237,R,meatPC,sandwich,1,0.0001,1
2238,R,meatPL,sandwich,1,0.0001,1
2239,Python,median_abs_deviation,scipy.stats,1,0.0002,9
2240,Python,median_absolute_deviation,scipy.stats,1,0.0002,12
2241,Python,median_absolute_error,sklearn.metrics,1,0.0002,3
2242,R,mercator,geosphere,1,0.0001,2
2243,R,merge.xts,xts,1,0.0001,1
2244,R,merge.zoo,zoo,1,0.0001,1
2245,R,midPoint,geosphere,1,0.0001,1
2246,Python,mielke,scipy.stats,1,0.0002,3
2247,Python,minimize_quadratic_1d,scipy.optimize,1,0.0002,10
2248,Python,mjci,scipy.stats,1,0.0002,1
2249,R,mlogit.data,mlogit,1,0.0001,3
2250,R,model.frame.default,stats,1,0.0001,1
2251,R,model.matrix.default,stats,1,0.0001,1
2252,Python,modified_dogleg,scipy.optimize,1,0.0002,8
2253,Python,mquantiles_cimj,scipy.stats,1,0.0002,1
2254,Python,multilabel_confusion_matrix,sklearn.metrics,1,0.0002,15
2255,R,multimed,mediation,1,0.0001,9
2256,Python,multinomial,scipy.stats,1,0.0002,1
2257,Python,multiscale_graphcorr,scipy.stats,1,0.0002,7
2258,Python,multivariate_hypergeom,scipy.stats,1,0.0002,3
2259,Python,multivariate_normal,scipy.stats,1,0.0002,9
2260,Python,multivariate_t,scipy.stats,1,0.0002,16
2261,Python,mutual_info_score,sklearn.metrics,1,0.0002,6
2262,Python,mv,scipy.stats,1,0.0002,1
2263,R,my.sort,raster,1,0.0001,1
2264,R,my.unique,raster,1,0.0001,1
2265,Python,n_primes,scipy.stats,1,0.0002,3
2266,R,na.fill,zoo,1,0.0001,4
2267,R,na.replace,glmnet,1,0.0001,1
2268,R,na.rm,questionr,1,0.0001,1
2269,R,nb2lines,spdep,1,0.0001,1
2270,R,nb2mat,spdep,1,0.0001,1
2271,R,nbcost,spdep,1,0.0001,3
2272,Python,nbinom,scipy.stats,1,0.0002,1
2273,R,nchains,brms,1,0.0001,2
2274,Python,nct,scipy.stats,1,0.0002,3
2275,R,ndays,xts,1,0.0001,2
2276,Python,ndcg_score,sklearn.metrics,1,0.0002,7
2277,R,ndraws,brms,1,0.0001,3
2278,Python,negative_binomial,numpy.random,1,0.0002,1
2279,R,neighborhood,igraph;sna,1,0.0001,2
2280,Python,newton_krylov,scipy.optimize,1,0.0002,1
2281,R,niterations,brms,1,0.0001,1
2282,R,nlmeControl,nlme,1,0.0001,6
2283,Python,nnls,scipy.optimize,1,0.0002,2
2284,Python,noncentral_chisquare,numpy.random,1,0.0002,3
2285,Python,noncentral_f,numpy.random,1,0.0002,2
2286,Python,nonlin_solve,scipy.optimize,1,0.0002,1
2287,Python,norm,scipy.optimize,1,0.0002,22
2288,R,normalize,igraph,1,0.0001,1
2289,R,old.make.sym.nb,spdep,1,0.0001,1
2290,Python,old_bound_to_new,scipy.optimize,1,0.0002,2
2291,R,onGreatCircle,geosphere,1,0.0001,1
2292,R,onenormest,Matrix,1,0.0001,1
2293,Python,orthogonal_mp,sklearn.linear_model,1,0.0002,19
2294,Python,orthogonal_mp_gram,sklearn.linear_model,1,0.0002,7
2295,Python,orthogonality,scipy.optimize,1,0.0002,6
2296,R,overDF_for_rgeos,sp,1,0.0001,1
2297,R,overimpute,Amelia,1,0.0001,16
2298,R,owin,sp,1,0.0001,5
2299,Python,page_trend_test,scipy.stats,1,0.0002,24
2300,Python,pair_confusion_matrix,sklearn.metrics,1,0.0002,3
2301,Python,paired_distances,sklearn.metrics,1,0.0002,4
2302,Python,paired_euclidean_distances,sklearn.metrics,1,0.0002,1
2303,Python,paired_manhattan_distances,sklearn.metrics,1,0.0002,1
2304,R,pairwise.t.test,stats,1,0.0001,18
2305,Python,pairwise_distances_argmin_min,sklearn.metrics,1,0.0002,8
2306,Python,pairwise_distances_chunked,sklearn.metrics,1,0.0002,8
2307,R,partial_r2,sensemakr,1,0.0001,4
2308,R,pava.blocks,sandwich,1,0.0001,2
2309,R,pdSymm,nlme,1,0.0001,1
2310,Python,pearson3,scipy.stats,1,0.0002,2
2311,R,perimeter,rms,1,0.0001,1
2312,R,permute,igraph,1,0.0001,1
2313,R,phenoModel,nlme,1,0.0001,1
2314,R,placebo_test,PanelMatch,1,0.0001,1
2315,R,plot.gam,mgcv,1,0.0001,20
2316,R,plot.igraph,igraph,1,0.0001,3
2317,R,plot.margins,margins,1,0.0001,1
2318,R,plot.nb,spdep,1,0.0001,1
2319,Python,plot_confusion_matrix,sklearn.metrics,1,0.0002,10
2320,Python,plot_det_curve,sklearn.metrics,1,0.0002,1
2321,Python,plot_precision_recall_curve,sklearn.metrics,1,0.0002,11
2322,R,plot_predictions,marginaleffects,1,0.0001,1
2323,Python,plot_roc_curve,sklearn.metrics,1,0.0002,5
2324,R,plot_sf,sf,1,0.0001,8
2325,R,plot_slopes,marginaleffects,1,0.0001,1
2326,Python,plotting_positions,scipy.stats,1,0.0002,1
2327,R,pmvt,mvtnorm,1,0.0001,2
2328,R,polyimageregrid,raster,1,0.0001,2
2329,Python,polynomial_kernel,sklearn.metrics,1,0.0002,3
2330,R,pool,mice,1,0.0001,2
2331,R,pool.r.squared,mice,1,0.0001,2
2332,R,pooledSD,nlme,1,0.0001,1
2333,R,post,rpart,1,0.0001,2
2334,R,postResample,caret,1,0.0001,3
2335,Python,power,numpy.random,1,0.0002,1
2336,Python,power_divergence,scipy.stats,1,0.0002,11
2337,R,ppp,sp,1,0.0001,1
2338,R,ppr,stats,1,0.0001,5
2339,R,precision,caret,1,0.0001,1
2340,Python,precision_recall_fscore_support,sklearn.metrics,1,0.0002,29
2341,R,price,VGAM,1,0.0001,5
2342,Python,primes_from_2_to,scipy.stats,1,0.0002,1
2343,R,print.CRS,sp,1,0.0001,1
2344,R,print.DMS,sp,1,0.0001,1
2345,R,print.GridTopology,sp,1,0.0001,1
2346,R,print.SpatialMultiPoints,sp,1,0.0001,1
2347,R,print.SpatialPixels,sp,1,0.0001,1
2348,R,print.SpatialPixelsDataFrame,sp,1,0.0001,1
2349,R,print.SpatialPoints,sp,1,0.0001,1
2350,R,print.nb,spdep,1,0.0001,2
2351,R,printSpMatrix2,Matrix,1,0.0001,1
2352,R,prior,brms,1,0.0001,2
2353,R,progress,caret,1,0.0001,1
2354,R,proj,stats,1,0.0001,1
2355,Python,projected_cg,scipy.optimize,1,0.0002,12
2356,R,prune.rpart,rpart,1,0.0001,1
2357,R,prunecost,spdep,1,0.0001,2
2358,R,pwr.t.test,pwr,1,0.0001,1
2359,R,qda,MASS,1,0.0001,1
2360,R,qrR,Matrix,1,0.0001,1
2361,Python,quadratic_assignment,scipy.optimize,1,0.0002,42
2362,R,quasi,stats,1,0.0001,1
2363,R,quinModel,nlme,1,0.0001,1
2364,R,quo_name,srvyr,1,0.0001,2
2365,R,r.squaredGLMM,MuMIn,1,0.0001,16
2366,R,r2,fixest,1,0.0001,3
2367,R,rMultinom,Hmisc,1,0.0001,1
2368,R,rand,lmerTest,1,0.0001,1
2369,Python,rand_score,sklearn.metrics,1,0.0002,4
2370,R,random.effects,nlme,1,0.0001,1
2371,R,randomCoordinates,geosphere,1,0.0001,1
2372,Python,random_integers,numpy.random,1,0.0002,2
2373,Python,ranksums,scipy.stats,1,0.0002,3
2374,R,rasterFromCells,raster,1,0.0001,1
2375,R,ratify,raster,1,0.0001,1
2376,R,rcorr.cens,Hmisc,1,0.0001,99
2377,Python,rdist,scipy.stats,1,0.0002,1
2378,R,rdplot,rdrobust,1,0.0001,2
2379,R,ref_grid,emmeans,1,0.0001,2
2380,Python,reflective_transformation,scipy.optimize,1,0.0002,5
2381,R,regression_forest,grf,1,0.0001,2
2382,R,regularCoordinates,geosphere,1,0.0001,1
2383,R,relabel,memisc,1,0.0001,1
2384,Python,relative_risk,scipy.stats,1,0.0002,9
2385,Python,relfreq,scipy.stats,1,0.0002,3
2386,R,remove.duplicates,sp,1,0.0001,1
2387,R,remove_all_labels,sjlabelled,1,0.0001,1
2388,R,rename_,srvyr,1,0.0001,2
2389,R,rep2abI,Matrix,1,0.0001,3
2390,R,replace_labels,sjlabelled,1,0.0001,1
2391,R,replace_with_na_all,naniar,1,0.0001,1
2392,R,replications,stats,1,0.0001,2
2393,R,reshape_longer,sjmisc,1,0.0001,2
2394,R,rhat,bayesplot;brms,1,0.0001,1
2395,Python,ridge_regression,sklearn.linear_model,1,0.0002,5
2396,R,rightColFromX,raster,1,0.0001,1
2397,Python,right_multiplied_operator,scipy.optimize,1,0.0002,1
2398,R,rnegbin,MASS,1,0.0001,1
2399,Python,rosen_der,scipy.optimize,1,0.0002,1
2400,R,rowColFromCell,raster,1,0.0001,3
2401,R,rpareto,VGAM,1,0.0001,1
2402,R,rpart.exp,rpart,1,0.0001,1
2403,Python,rsh,scipy.stats,1,0.0002,2
2404,R,rsq.rpart,rpart,1,0.0001,1
2405,R,rtnorm,msm,1,0.0001,1
2406,Python,rv_continuous,scipy.stats,1,0.0002,1
2407,Python,rv_discrete,scipy.stats,1,0.0002,13
2408,Python,rv_histogram,scipy.stats,1,0.0002,2
2409,Python,rvs_ratio_uniforms,scipy.stats,1,0.0002,12
2410,R,sammon,MASS,1,0.0001,2
2411,R,sampleInt,raster,1,0.0001,3
2412,Python,scalar_search_armijo,scipy.optimize,1,0.0002,2
2413,Python,scalar_search_wolfe1,scipy.optimize,1,0.0002,1
2414,Python,scalar_search_wolfe2,scipy.optimize,1,0.0002,2
2415,Python,scale,scipy.stats,1,0.0002,12
2416,R,scale_x_yearqtr,zoo,1,0.0001,3
2417,R,select_at,srvyr,1,0.0001,1
2418,R,ses,forecast,1,0.0001,1
2419,R,setChunksize,raster,1,0.0001,1
2420,R,setDataType,raster,1,0.0001,1
2421,R,setFileExt,raster,1,0.0001,1
2422,R,setFiletype,raster,1,0.0001,1
2423,R,setFixest_nthreads,fixest,1,0.0001,1
2424,R,setMaxMemorySize,raster,1,0.0001,1
2425,R,setMemfrac,raster,1,0.0001,1
2426,R,setOverwrite,raster,1,0.0001,1
2427,R,setProgress,raster,1,0.0001,1
2428,R,setStandardNames,raster,1,0.0001,1
2429,R,setTimer,raster,1,0.0001,1
2430,R,setTmpTime,raster,1,0.0001,1
2431,R,setTmpdir,raster,1,0.0001,1
2432,R,setToDisk,raster,1,0.0001,1
2433,R,setTolerance,raster,1,0.0001,1
2434,R,set_label,sjlabelled,1,0.0001,3
2435,R,set_ll_warn,sp,1,0.0001,1
2436,R,set_na,sjlabelled;sjmisc,1,0.0001,4
2437,Python,set_state,numpy.random,1,0.0002,1
2438,Python,setulb,scipy.optimize,1,0.0002,1
2439,R,sf_project,sf,1,0.0001,6
2440,Python,shapiro,scipy.stats,1,0.0002,7
2441,Python,show_options,scipy.optimize,1,0.0002,1
2442,Python,siegelslopes,scipy.stats,1,0.0002,7
2443,R,sigmaHat,car,1,0.0001,1
2444,Python,sigmaclip,scipy.stats,1,0.0002,5
2445,Python,silhouette_samples,sklearn.metrics,1,0.0002,6
2446,Python,silhouette_score,sklearn.metrics,1,0.0002,12
2447,Python,singular_leading_submatrix,scipy.optimize,1,0.0002,3
2448,R,sir,igraph,1,0.0001,1
2449,Python,slsqp,scipy.optimize,1,0.0002,1
2450,R,snip.rpart,rpart,1,0.0001,1
2451,Python,somersd,scipy.stats,1,0.0002,32
2452,R,sortedXyData,stats,1,0.0001,2
2453,Python,special_ortho_group,scipy.stats,1,0.0002,1
2454,Python,sphere_intersections,scipy.optimize,1,0.0002,10
2455,R,spmap.to.lev,sp,1,0.0001,3
2456,R,src,Hmisc,1,0.0001,1
2457,R,st_as_binary.sfc,sf,1,0.0001,1
2458,R,st_as_sfc.list,sf,1,0.0001,1
2459,R,st_contains_properly,sf,1,0.0001,1
2460,R,st_crop.sfc,sf,1,0.0001,1
2461,R,st_filter,sf,1,0.0001,1
2462,R,st_interpolate_aw,sf,1,0.0001,2
2463,R,st_jitter,sf,1,0.0001,3
2464,R,st_perimeter,sf,1,0.0001,1
2465,R,st_read.DBIObject,sf,1,0.0001,1
2466,R,st_read.character,sf,1,0.0001,1
2467,R,st_viewport,sf,1,0.0001,8
2468,R,st_write.sf,sf,1,0.0001,3
2469,R,stackApply,raster,1,0.0001,1
2470,R,stan_glm,rstanarm,1,0.0001,20
2471,Python,standard_cauchy,numpy.random,1,0.0002,1
2472,Python,standard_exponential,numpy.random,1,0.0002,1
2473,Python,standard_gamma,numpy.random,1,0.0002,2
2474,Python,standard_t,numpy.random,1,0.0002,1
2475,R,std,sjmisc,1,0.0001,3
2476,Python,std,scipy.stats,1,0.0002,1
2477,R,step1,raster,1,0.0001,2
2478,Python,step_size_to_bound,scipy.optimize,1,0.0002,5
2479,Python,strict_bounds,scipy.optimize,1,0.0002,6
2480,R,student_t,rstanarm,1,0.0001,40
2481,R,style.df,fixest,1,0.0001,1
2482,R,subset.listw,spdep,1,0.0001,2
2483,R,subset.nb,spdep,1,0.0001,1
2484,R,summarise_each,srvyr,1,0.0001,2
2485,R,summary.margins,margins,1,0.0001,12
2486,Python,summary_col,statsmodels,1,0.0002,8
2487,Python,support,scipy.stats,1,0.0002,3
2488,R,surfaceArea,sp,1,0.0001,2
2489,R,survdiff,survival,1,0.0001,2
2490,R,svyby,survey,1,0.0001,7
2491,R,svydesign,survey,1,0.0001,4
2492,R,temp.addcol,fields;raster,1,0.0001,2
2493,R,test.all,psych,1,0.0001,1
2494,R,ti,mgcv,1,0.0001,2
2495,Python,tiecorrect,scipy.stats,1,0.0002,9
2496,R,tm_add_legend,tmap,1,0.0001,2
2497,R,tm_bubbles,tmap,1,0.0001,1
2498,R,tm_compass,tmap,1,0.0001,1
2499,R,tm_dots,tmap,1,0.0001,1
2500,R,tm_format,tmap,1,0.0001,1
2501,R,tm_pos_in,tmap,1,0.0001,8
2502,R,tm_raster,tmap,1,0.0001,1
2503,R,tm_scale_categorical,tmap,1,0.0001,1
2504,R,tm_scale_intervals,tmap,1,0.0001,7
2505,R,tm_scalebar,tmap,1,0.0001,8
2506,R,tm_text,tmap,1,0.0001,1
2507,R,tmap_format,tmap,1,0.0001,3
2508,R,tmap_format_add,tmap,1,0.0001,1
2509,R,tmap_options,tmap,1,0.0001,1
2510,Python,tmax,scipy.stats,1,0.0002,9
2511,Python,tmean,scipy.stats,1,0.0002,3
2512,Python,tmin,scipy.stats,1,0.0002,10
2513,R,to_factor,sjlabelled;sjmisc,1,0.0001,9
2514,R,toeplitz,Matrix;stats,1,0.0001,4
2515,Python,top_k_accuracy_score,sklearn.metrics,1,0.0002,6
2516,R,trafo,coin,1,0.0001,1
2517,R,triangles,igraph,1,0.0001,1
2518,Python,triangular,numpy.random,1,0.0002,1
2519,Python,trim,scipy.stats,1,0.0002,11
2520,Python,trim1,scipy.stats,1,0.0002,9
2521,Python,trim_mean,scipy.stats,1,0.0002,11
2522,Python,trimmed_mean_ci,scipy.stats,1,0.0002,1
2523,Python,trimmed_stde,scipy.stats,1,0.0002,2
2524,Python,trimr,scipy.stats,1,0.0002,1
2525,Python,trimtail,scipy.stats,1,0.0002,2
2526,R,ts.plot,stats,1,0.0001,10
2527,Python,tsem,scipy.stats,1,0.0002,3
2528,R,tsoutliers,forecast,1,0.0001,1
2529,Python,tstd,scipy.stats,1,0.0002,2
2530,Python,ttest_ind_from_stats,scipy.stats,1,0.0002,15
2531,Python,tukeylambda_kurtosis,scipy.stats,1,0.0002,7
2532,Python,tukeylambda_variance,scipy.stats,1,0.0002,7
2533,R,tuneRF,randomForest,1,0.0001,1
2534,Python,tvar,scipy.stats,1,0.0002,8
2535,R,untangle.specials,survival,1,0.0001,2
2536,R,update.formula,stats,1,0.0001,1
2537,Python,update_discrepancy,scipy.stats,1,0.0002,6
2538,R,val_labels,sjlabelled,1,0.0001,4
2539,Python,van_der_corput,scipy.stats,1,0.0002,4
2540,R,varComb,nlme,1,0.0001,1
2541,R,varConstPower,nlme,1,0.0001,2
2542,R,varConstProp,nlme,1,0.0001,2
2543,R,varExp,nlme,1,0.0001,2
2544,R,varFixed,nlme,1,0.0001,1
2545,R,varImpPlot,randomForest,1,0.0001,1
2546,R,variable_importance,grf,1,0.0001,1
2547,R,variance,coin,1,0.0001,1
2548,R,vcov.ivreg,AER,1,0.0001,1
2549,R,vcovCR,clubSandwich,1,0.0001,6
2550,R,vcovHAC,sandwich,1,0.0001,3
2551,R,vcov_cluster,fixest,1,0.0001,4
2552,R,vi2mrc,spdep,1,0.0001,4
2553,R,view,cjoint;memisc,1,0.0001,1
2554,R,vif,car;metafor;rms,1,0.0001,8
2555,Python,vonmises,scipy.stats,1,0.0002,3
2556,Python,vonmises,numpy.random,1,0.0002,2
2557,R,vuong,pscl,1,0.0001,30
2558,Python,wald,numpy.random,1,0.0002,1
2559,R,waldtest.lm,lmtest,1,0.0001,1
2560,Python,wasserstein_distance,scipy.stats,1,0.0002,20
2561,R,weighted.residuals,stats,1,0.0001,4
2562,Python,weightedtau,scipy.stats,1,0.0002,26
2563,R,weightsAndrews,sandwich,1,0.0001,1
2564,R,weightsLumley,sandwich,1,0.0001,1
2565,R,width.SJ,MASS,1,0.0001,2
2566,Python,winsorize,scipy.stats,1,0.0002,7
2567,Python,wishart,scipy.stats,1,0.0002,10
2568,R,wkt,raster;sp,1,0.0001,2
2569,R,write.amelia,Amelia,1,0.0001,1
2570,R,write.sn2gwt,spdep,1,0.0001,1
2571,R,wtd.cors,weights,1,0.0001,1
2572,R,xFromCell,raster,1,0.0001,1
2573,R,xaxis_text,bayesplot,1,0.0001,4
2574,R,xpd,fixest,1,0.0001,2
2575,R,yFromCell,raster,1,0.0001,1
2576,Python,zero_one_loss,sklearn.metrics,1,0.0002,7
2577,R,zerodist2,sp,1,0.0001,1
2578,R,zeta,VGAM,1,0.0001,1
2579,Python,zipf,scipy.stats,1,0.0002,1
2580,Python,zipf,numpy.random,1,0.0002,1
